0.000000000e+00,4.401136217e-01,3.720677589e-01,4.100000000e-01,1.600000000e-01
3.255208333e-03,4.031128874e-01,5.191461142e-01,3.500000000e-01,2.000000000e-01
6.510416667e-03,5.508175742e-01,1.846602225e+00,-1.500000000e-01,5.300000000e-01
9.765625000e-03,7.156116265e-01,2.565217433e+00,-6.000000000e-01,3.900000000e-01
1.302083333e-02,1.077032961e-01,1.951302704e+00,-4.000000000e-02,1.000000000e-01
1.627604167e-02,3.001666204e-01,-1.537475331e+00,1.000000000e-02,-3.000000000e-01
1.953125000e-02,9.827003612e-01,-2.116451381e+00,-5.100000000e-01,-8.400000000e-01
2.278645833e-02,3.736308338e-01,2.870645803e+00,-3.600000000e-01,1.000000000e-01
2.604166667e-02,8.544003745e-02,-1.929566997e+00,-3.000000000e-02,-8.000000000e-02
2.929687500e-02,8.544003745e-02,-1.929566997e+00,-3.000000000e-02,-8.000000000e-02
3.255208333e-02,5.122499390e-01,8.960553846e-01,3.200000000e-01,4.000000000e-01
3.580729167e-02,1.600000000e-01,0.000000000e+00,1.600000000e-01,0.000000000e+00
3.906250000e-02,3.945883931e-01,-1.418146998e+00,6.000000000e-02,-3.900000000e-01
4.231770833e-02,4.909175083e-01,9.884433807e-01,2.700000000e-01,4.100000000e-01
4.557291667e-02,6.332456080e-01,1.199087377e+00,2.300000000e-01,5.900000000e-01
4.882812500e-02,5.993329626e-01,4.487233440e-01,5.400000000e-01,2.600000000e-01
5.208333333e-02,7.694153625e-01,1.566018770e-01,7.600000000e-01,1.200000000e-01
5.533854167e-02,3.313608305e-01,1.480136440e+00,3.000000000e-02,3.300000000e-01
5.859375000e-02,3.423448554e-01,1.453687582e+00,4.000000000e-02,3.400000000e-01
6.184895833e-02,7.462573283e-01,-1.005094858e+00,4.000000000e-01,-6.300000000e-01
6.510416667e-02,6.072890580e-01,-1.871716561e+00,-1.800000000e-01,-5.800000000e-01
6.835937500e-02,7.359347797e-01,2.394637080e+00,-5.400000000e-01,5.000000000e-01
7.161458333e-02,1.878829423e-01,2.010638910e+00,-8.000000000e-02,1.700000000e-01
7.486979167e-02,5.044799302e-01,-1.330625319e+00,1.200000000e-01,-4.900000000e-01
7.812500000e-02,3.337663854e-01,-1.420424899e+00,5.000000000e-02,-3.300000000e-01
8.138020833e-02,1.868154169e-01,-2.709468503e-01,1.800000000e-01,-5.000000000e-02
8.463541667e-02,5.412947441e-01,2.936950844e+00,-5.300000000e-01,1.100000000e-01
8.789062500e-02,9.241753080e-01,-2.912360720e+00,-9.000000000e-01,-2.100000000e-01
9.114583333e-02,4.103656906e-01,-2.321725389e+00,-2.800000000e-01,-3.000000000e-01
9.440104167e-02,2.262741700e-01,7.853981634e-01,1.600000000e-01,1.600000000e-01
9.765625000e-02,2.385372088e-01,2.565217433e+00,-2.000000000e-01,1.300000000e-01
1.009114583e-01,8.400595217e-01,-3.129688454e+00,-8.400000000e-01,-1.000000000e-02
1.041666667e-01,7.823681998e-01,2.528772451e+00,-6.400000000e-01,4.500000000e-01
1.074218750e-01,4.272001873e-01,2.573068106e+00,-3.600000000e-01,2.300000000e-01
1.106770833e-01,2.594224354e-01,-1.089909047e+00,1.200000000e-01,-2.300000000e-01
1.139322917e-01,7.595393341e-01,-1.412141065e+00,1.200000000e-01,-7.500000000e-01
1.171875000e-01,9.154780172e-01,-2.271128950e+00,-5.900000000e-01,-7.000000000e-01
1.204427083e-01,2.720294102e-01,2.843093722e+00,-2.600000000e-01,8.000000000e-02
1.236979167e-01,5.059644256e-01,-3.217505544e-01,4.800000000e-01,-1.600000000e-01
1.269531250e-01,5.643580424e-01,-1.243549945e-01,5.600000000e-01,-7.000000000e-02
1.302083333e-01,3.501428280e-01,-1.542232669e+00,1.000000000e-02,-3.500000000e-01
1.334635417e-01,1.011385189e+00,-1.820571116e+00,-2.500000000e-01,-9.800000000e-01
1.367187500e-01,5.635601121e-01,-4.795192920e-01,5.000000000e-01,-2.600000000e-01
1.399739583e-01,9.091754506e-01,5.177818586e-01,7.900000000e-01,4.500000000e-01
1.432291667e-01,7.161005516e-01,9.440534256e-01,4.200000000e-01,5.800000000e-01
1.464843750e-01,2.607680962e-01,7.677189127e-02,2.600000000e-01,2.000000000e-02
1.497395833e-01,2.640075756e-01,-2.711830374e+00,-2.400000000e-01,-1.100000000e-01
1.529947917e-01,5.099019514e-01,2.300695985e+00,-3.400000000e-01,3.800000000e-01
1.562500000e-01,3.405877273e-01,2.439335722e+00,-2.600000000e-01,2.200000000e-01
1.595052083e-01,1.486606875e-01,2.798568713e+00,-1.400000000e-01,5.000000000e-02
1.627604167e-01,1.400000000e-01,3.141592654e+00,-1.400000000e-01,0.000000000e+00
1.660156250e-01,7.440430095e-01,-2.508843819e+00,-6.000000000e-01,-4.400000000e-01
1.692708333e-01,5.990826320e-01,-1.823871979e+00,-1.500000000e-01,-5.800000000e-01
1.725260417e-01,8.174350127e-01,-2.598143698e-01,7.900000000e-01,-2.100000000e-01
1.757812500e-01,7.528612090e-01,2.965458091e-01,7.200000000e-01,2.200000000e-01
1.790364583e-01,3.535533906e-01,1.712693381e+00,-5.000000000e-02,3.500000000e-01
1.822916667e-01,2.220360331e-01,-1.435268613e+00,3.000000000e-02,-2.200000000e-01
1.855468750e-01,6.928924881e-01,-1.217093181e+00,2.400000000e-01,-6.500000000e-01
1.888020833e-01,7.211102551e-02,5.880026035e-01,6.000000000e-02,4.000000000e-02
1.920572917e-01,4.294182111e-01,2.055274256e+00,-2.000000000e-01,3.800000000e-01
1.953125000e-01,5.700877125e-01,-2.231839496e+00,-3.500000000e-01,-4.500000000e-01
1.985677083e-01,3.354101966e-01,-1.107148718e+00,1.500000000e-01,-3.000000000e-01
2.018229167e-01,3.820994635e-01,8.224182793e-01,2.600000000e-01,2.800000000e-01
2.050781250e-01,3.006659276e-01,-1.504228163e+00,2.000000000e-02,-3.000000000e-01
2.083333333e-01,5.366563146e-01,-1.107148718e+00,2.400000000e-01,-4.800000000e-01
2.115885417e-01,8.628441342e-01,-1.008511524e+00,4.600000000e-01,-7.300000000e-01
2.148437500e-01,6.746851117e-01,-1.361773384e+00,1.400000000e-01,-6.600000000e-01
2.180989583e-01,1.063014581e-01,2.289626326e+00,-7.000000000e-02,8.000000000e-02
2.213541667e-01,2.570992026e-01,-2.355449807e-01,2.500000000e-01,-6.000000000e-02
2.246093750e-01,4.808326112e-01,2.954408371e-01,4.600000000e-01,1.400000000e-01
2.278645833e-01,4.500000000e-01,2.214297436e+00,-2.700000000e-01,3.600000000e-01
2.311197917e-01,1.064706532e+00,-3.047531419e+00,-1.060000000e+00,-1.000000000e-01
2.343750000e-01,5.403702434e-01,-2.251317551e+00,-3.400000000e-01,-4.200000000e-01
2.376302083e-01,4.143669871e-01,-3.446473156e-01,3.900000000e-01,-1.400000000e-01
2.408854167e-01,5.162363800e-01,5.503859477e-01,4.400000000e-01,2.700000000e-01
2.441406250e-01,2.302172887e-01,-3.098141758e+00,-2.300000000e-01,-1.000000000e-02
2.473958333e-01,4.742362281e-01,-2.311448259e+00,-3.200000000e-01,-3.500000000e-01
2.506510417e-01,7.910120100e-01,5.058970877e-02,7.900000000e-01,4.000000000e-02
2.539062500e-01,9.392017888e-01,-3.251175450e-01,8.900000000e-01,-3.000000000e-01
2.571614583e-01,7.527283707e-01,-1.232240632e+00,2.500000000e-01,-7.100000000e-01
2.604166667e-01,5.420332093e-01,-5.214344398e-01,4.700000000e-01,-2.700000000e-01
2.636718750e-01,2.280350850e-01,-2.662520492e-01,2.200000000e-01,-6.000000000e-02
2.669270833e-01,2.220360331e-01,-2.196281367e+00,-1.300000000e-01,-1.800000000e-01
2.701822917e-01,4.833218389e-01,-4.266274931e-01,4.400000000e-01,-2.000000000e-01
2.734375000e-01,4.022437072e-01,-9.621070195e-01,2.300000000e-01,-3.300000000e-01
2.766927083e-01,9.300537619e-01,-2.847046271e+00,-8.900000000e-01,-2.700000000e-01
2.799479167e-01,8.405355436e-01,-3.105893541e+00,-8.400000000e-01,-3.000000000e-02
2.832031250e-01,2.973213749e-01,2.798568713e+00,-2.800000000e-01,1.000000000e-01
2.864583333e-01,1.526433752e-01,-5.516549825e-01,1.300000000e-01,-8.000000000e-02
2.897135417e-01,2.915475947e-01,-1.030816085e-01,2.900000000e-01,-3.000000000e-02
2.929687500e-01,8.302409289e-01,1.728024378e+00,-1.300000000e-01,8.200000000e-01
2.962239583e-01,6.600757532e-01,1.585946683e+00,-1.000000000e-02,6.600000000e-01
2.994791667e-01,7.942921377e-01,-1.380808039e+00,1.500000000e-01,-7.800000000e-01
3.027343750e-01,8.300000000e-01,-1.570796327e+00,0.000000000e+00,-8.300000000e-01
3.059895833e-01,5.842088668e-01,-1.450687591e+00,7.000000000e-02,-5.800000000e-01
3.092447917e-01,4.177319715e-01,-2.305390786e+00,-2.800000000e-01,-3.100000000e-01
3.125000000e-01,8.000624976e-01,1.558296978e+00,1.000000000e-02,8.000000000e-01
3.157552083e-01,3.944616585e-01,5.317240673e-01,3.400000000e-01,2.000000000e-01
3.190104167e-01,9.121951546e-01,-1.791843389e+00,-2.000000000e-01,-8.900000000e-01
3.222656250e-01,9.323089617e-01,-2.523836928e+00,-7.600000000e-01,-5.400000000e-01
3.255208333e-01,6.216912417e-01,-2.692332541e+00,-5.600000000e-01,-2.700000000e-01
3.287760417e-01,4.924428901e-01,-2.252767792e-01,4.800000000e-01,-1.100000000e-01
3.320312500e-01,6.500000000e-01,-1.176005207e+00,2.500000000e-01,-6.000000000e-01
3.352864583e-01,6.958448103e-01,-1.700498864e+00,-9.000000000e-02,-6.900000000e-01
3.385416667e-01,5.234500931e-01,8.124186126e-01,3.600000000e-01,3.800000000e-01
3.417968750e-01,3.769615365e-01,1.190289950e+00,1.400000000e-01,3.500000000e-01
3.450520833e-01,7.683749085e-01,-8.960553846e-01,4.800000000e-01,-6.000000000e-01
3.483072917e-01,4.596737974e-01,-7.700147616e-01,3.300000000e-01,-3.200000000e-01
3.515625000e-01,2.376972865e-01,2.753273935e+00,-2.200000000e-01,9.000000000e-02
3.548177083e-01,2.751363298e-01,-1.904040628e+00,-9.000000000e-02,-2.600000000e-01
3.580729167e-01,1.414213562e-02,2.356194490e+00,-1.000000000e-02,1.000000000e-02
3.613281250e-01,3.182766093e-01,7.631795981e-01,2.300000000e-01,2.200000000e-01
3.645833333e-01,3.794733192e-01,-1.892546881e+00,-1.200000000e-01,-3.600000000e-01
3.678385417e-01,9.100549434e-01,2.931266780e+00,-8.900000000e-01,1.900000000e-01
3.710937500e-01,6.911584478e-01,2.593729122e+00,-5.900000000e-01,3.600000000e-01
3.743489583e-01,5.742821606e-01,-9.586438298e-01,3.300000000e-01,-4.700000000e-01
3.776041667e-01,5.508175742e-01,5.449145624e-02,5.500000000e-01,3.000000000e-02
3.808593750e-01,3.733630941e-01,1.215160442e+00,1.300000000e-01,3.500000000e-01
3.841145833e-01,4.554119015e-01,-2.987273878e+00,-4.500000000e-01,-7.000000000e-02
3.873697917e-01,3.224903099e-01,1.695151321e+00,-4.000000000e-02,3.200000000e-01
3.906250000e-01,3.220248438e-01,4.497596131e-01,2.900000000e-01,1.400000000e-01
3.938802083e-01,3.101612484e-01,-1.208252090e+00,1.100000000e-01,-2.900000000e-01
3.971354167e-01,1.802775638e-01,-5.880026035e-01,1.500000000e-01,-1.000000000e-01
4.003906250e-01,2.000000000e-01,3.141592654e+00,-2.000000000e-01,0.000000000e+00
4.036458333e-01,2.061552813e-01,-1.815774990e+00,-5.000000000e-02,-2.000000000e-01
4.069010417e-01,5.854912467e-01,-1.433730152e+00,8.000000000e-02,-5.800000000e-01
4.101562500e-01,6.412487817e-01,-1.633215137e+00,-4.000000000e-02,-6.400000000e-01
4.134114583e-01,4.079215611e-01,1.373400767e+00,8.000000000e-02,4.000000000e-01
4.166666667e-01,5.011985634e-01,1.071449605e+00,2.400000000e-01,4.400000000e-01
4.199218750e-01,5.445181356e-01,-1.441885555e+00,7.000000000e-02,-5.400000000e-01
4.231770833e-01,5.977457654e-01,-1.876675198e+00,-1.800000000e-01,-5.700000000e-01
4.264322917e-01,5.000000000e-02,-2.214297436e+00,-3.000000000e-02,-4.000000000e-02
4.296875000e-01,1.600000000e-01,1.570796327e+00,0.000000000e+00,1.600000000e-01
4.329427083e-01,4.601086828e-01,2.310073374e+00,-3.100000000e-01,3.400000000e-01
4.361979167e-01,3.757658846e-01,1.130953744e+00,1.600000000e-01,3.400000000e-01
4.394531250e-01,3.982461550e-01,8.921338360e-01,2.500000000e-01,3.100000000e-01
4.427083333e-01,6.003332408e-01,2.618314331e+00,-5.200000000e-01,3.000000000e-01
4.459635417e-01,5.000999900e-01,2.940275545e+00,-4.900000000e-01,1.000000000e-01
4.492187500e-01,1.788854382e-01,2.677945045e+00,-1.600000000e-01,8.000000000e-02
4.524739583e-01,1.140175425e-01,6.610431689e-01,9.000000000e-02,7.000000000e-02
4.557291667e-01,4.606517123e-01,-4.733560418e-01,4.100000000e-01,-2.100000000e-01
4.589843750e-01,8.280700453e-01,-8.281072192e-01,5.600000000e-01,-6.100000000e-01
4.622395833e-01,9.126883367e-01,-5.667292175e-01,7.700000000e-01,-4.900000000e-01
4.654947917e-01,3.000000000e-01,0.000000000e+00,3.000000000e-01,0.000000000e+00
4.687500000e-01,1.910497317e-01,-1.465919388e+00,2.000000000e-02,-1.900000000e-01
4.720052083e-01,3.807886553e-01,2.386093225e-01,3.700000000e-01,9.000000000e-02
4.752604167e-01,1.969771560e-01,1.152571997e+00,8.000000000e-02,1.800000000e-01
4.785156250e-01,2.039607805e-01,-1.768191887e+00,-4.000000000e-02,-2.000000000e-01
4.817708333e-01,6.774215822e-01,5.429511404e-01,5.800000000e-01,3.500000000e-01
4.850260417e-01,3.301514804e-01,3.029375992e-02,3.300000000e-01,1.000000000e-02
4.882812500e-01,5.315072906e-01,-2.933127435e+00,-5.200000000e-01,-1.100000000e-01
4.915364583e-01,4.580392996e-01,-2.511191232e+00,-3.700000000e-01,-2.700000000e-01
4.947916667e-01,9.708243919e-01,-1.245788455e+00,3.100000000e-01,-9.200000000e-01
4.980468750e-01,1.004489920e+00,-7.572365964e-01,7.300000000e-01,-6.900000000e-01
5.013020833e-01,8.127115109e-01,3.256415853e-01,7.700000000e-01,2.600000000e-01
5.045572917e-01,2.996664813e-01,2.019519671e+00,-1.300000000e-01,2.700000000e-01
5.078125000e-01,4.967896939e-01,-2.270689197e+00,-3.200000000e-01,-3.800000000e-01
5.110677083e-01,2.617250466e-01,-2.383214939e+00,-1.900000000e-01,-1.800000000e-01
5.143229167e-01,6.328506933e-01,2.593043251e+00,-5.400000000e-01,3.300000000e-01
5.175781250e-01,6.200806399e-01,2.230425069e+00,-3.800000000e-01,4.900000000e-01
5.208333333e-01,2.641968963e-01,5.144513131e-01,2.300000000e-01,1.300000000e-01
5.240885417e-01,5.032891813e-01,-3.657473013e-01,4.700000000e-01,-1.800000000e-01
5.273437500e-01,4.031128874e-01,2.373736550e+00,-2.900000000e-01,2.800000000e-01
5.305989583e-01,5.964059020e-01,2.534987545e+00,-4.900000000e-01,3.400000000e-01
5.338541667e-01,1.824828759e-01,-1.651486774e-01,1.800000000e-01,-3.000000000e-02
5.371093750e-01,2.102379604e-01,-1.128422104e+00,9.000000000e-02,-1.900000000e-01
5.403645833e-01,2.912043956e-01,-2.863292995e+00,-2.800000000e-01,-8.000000000e-02
5.436197917e-01,4.716990566e-01,1.485894533e+00,4.000000000e-02,4.700000000e-01
5.468750000e-01,5.869412236e-01,1.811642782e+00,-1.400000000e-01,5.700000000e-01
5.501302083e-01,5.993329626e-01,2.019519671e+00,-2.600000000e-01,5.400000000e-01
5.533854167e-01,3.452535300e-01,1.746721990e-01,3.400000000e-01,6.000000000e-02
5.566406250e-01,5.188448708e-01,-1.089909047e+00,2.400000000e-01,-4.600000000e-01
5.598958333e-01,4.860041152e-01,9.314104211e-01,2.900000000e-01,3.900000000e-01
5.631510417e-01,8.438601780e-01,8.608847083e-01,5.500000000e-01,6.400000000e-01
5.664062500e-01,5.748912941e-01,-2.442400064e+00,-4.400000000e-01,-3.700000000e-01
5.696614583e-01,7.256031973e-01,-1.695151321e+00,-9.000000000e-02,-7.200000000e-01
5.729166667e-01,5.234500931e-01,-1.148766054e-01,5.200000000e-01,-6.000000000e-02
5.761718750e-01,2.941088234e-01,9.544993894e-01,1.700000000e-01,2.400000000e-01
5.794270833e-01,6.847627326e-01,5.028432109e-01,6.000000000e-01,3.300000000e-01
5.826822917e-01,5.797413216e-01,1.309082824e+00,1.500000000e-01,5.600000000e-01
5.859375000e-01,3.200000000e-01,1.570796327e+00,0.000000000e+00,3.200000000e-01
5.891927083e-01,8.036168241e-01,-2.902648999e-01,7.700000000e-01,-2.300000000e-01
5.924479167e-01,4.816637832e-01,-7.266423407e-01,3.600000000e-01,-3.200000000e-01
5.957031250e-01,4.440720662e-01,-9.453112866e-01,2.600000000e-01,-3.600000000e-01
5.989583333e-01,1.118033989e-01,-2.677945045e+00,-1.000000000e-01,-5.000000000e-02
6.022135417e-01,6.896375860e-01,2.847358088e+00,-6.600000000e-01,2.000000000e-01
6.054687500e-01,3.769615365e-01,2.761086276e+00,-3.500000000e-01,1.400000000e-01
6.087239583e-01,1.941648784e-01,1.363300100e+00,4.000000000e-02,1.900000000e-01
6.119791667e-01,2.846049894e-01,1.892546881e+00,-9.000000000e-02,2.700000000e-01
6.152343750e-01,4.738143096e-01,2.371118755e+00,-3.400000000e-01,3.300000000e-01
6.184895833e-01,6.074537019e-01,-2.788602266e+00,-5.700000000e-01,-2.100000000e-01
6.217447917e-01,6.896375860e-01,-2.847358088e+00,-6.600000000e-01,-2.000000000e-01
6.250000000e-01,6.579513660e-01,8.176450458e-01,4.500000000e-01,4.800000000e-01
6.282552083e-01,8.000000000e-01,9.272952180e-01,4.800000000e-01,6.400000000e-01
6.315104167e-01,6.868041933e-01,2.407695301e+00,-5.100000000e-01,4.600000000e-01
6.347656250e-01,2.900000000e-01,2.380579899e+00,-2.100000000e-01,2.000000000e-01
6.380208333e-01,5.700877125e-01,3.772490596e-01,5.300000000e-01,2.100000000e-01
6.412760417e-01,8.127115109e-01,3.256415853e-01,7.700000000e-01,2.600000000e-01
6.445312500e-01,7.615773106e-02,-4.048917863e-01,7.000000000e-02,-3.000000000e-02
6.477864583e-01,4.396589587e-01,-2.841421483e+00,-4.200000000e-01,-1.300000000e-01
6.510416667e-01,4.257933771e-01,-1.405647649e+00,7.000000000e-02,-4.200000000e-01
6.542968750e-01,7.316419890e-01,-1.392165320e+00,1.300000000e-01,-7.200000000e-01
6.575520833e-01,1.334166406e-01,1.343997479e+00,3.000000000e-02,1.300000000e-01
6.608072917e-01,8.549268975e-01,1.149009067e+00,3.500000000e-01,7.800000000e-01
6.640625000e-01,2.692582404e-01,3.805063771e-01,2.500000000e-01,1.000000000e-01
6.673177083e-01,1.615549442e-01,-3.805063771e-01,1.500000000e-01,-6.000000000e-02
6.705729167e-01,1.910497317e-01,7.483780475e-01,1.400000000e-01,1.300000000e-01
6.738281250e-01,3.733630941e-01,-1.343214420e-01,3.700000000e-01,-5.000000000e-02
6.770833333e-01,5.385164807e-02,3.805063771e-01,5.000000000e-02,2.000000000e-02
6.803385417e-01,2.641968963e-01,2.085247640e+00,-1.300000000e-01,2.300000000e-01
6.835937500e-01,3.517101079e-01,2.587708920e-01,3.400000000e-01,9.000000000e-02
6.868489583e-01,3.905124838e-01,-8.760580506e-01,2.500000000e-01,-3.000000000e-01
6.901041667e-01,6.811754546e-01,-1.512040504e+00,4.000000000e-02,-6.800000000e-01
6.933593750e-01,1.200166655e+00,-1.159340083e+00,4.800000000e-01,-1.100000000e+00
6.966145833e-01,9.604686356e-01,-1.318242051e+00,2.400000000e-01,-9.300000000e-01
6.998697917e-01,1.414213562e-01,-2.999695599e+00,-1.400000000e-01,-2.000000000e-02
7.031250000e-01,2.334523506e-01,2.386488250e+00,-1.700000000e-01,1.600000000e-01
7.063802083e-01,1.057733426e+00,-1.838706749e+00,-2.800000000e-01,-1.020000000e+00
7.096354167e-01,8.500000000e-01,-1.417252544e+00,1.300000000e-01,-8.400000000e-01
7.128906250e-01,5.000000000e-02,2.214297436e+00,-3.000000000e-02,4.000000000e-02
7.161458333e-01,3.534119409e-01,2.703256094e+00,-3.200000000e-01,1.500000000e-01
7.194010417e-01,3.452535300e-01,1.396124128e+00,6.000000000e-02,3.400000000e-01
7.226562500e-01,4.123105626e-01,8.884797719e-01,2.600000000e-01,3.200000000e-01
7.259114583e-01,2.701851217e-01,2.461071429e+00,-2.100000000e-01,1.700000000e-01
7.291666667e-01,1.769180601e-01,2.396173177e+00,-1.300000000e-01,1.200000000e-01
7.324218750e-01,3.679673899e-01,-7.469555734e-01,2.700000000e-01,-2.500000000e-01
7.356770833e-01,5.903388857e-01,-1.383367214e+00,1.100000000e-01,-5.800000000e-01
7.389322917e-01,1.204159458e-01,-3.058451422e+00,-1.200000000e-01,-1.000000000e-02
7.421875000e-01,3.443835072e-01,-2.021457653e+00,-1.500000000e-01,-3.100000000e-01
7.454427083e-01,3.689173349e-01,-2.143762470e+00,-2.000000000e-01,-3.100000000e-01
7.486979167e-01,5.859180830e-01,1.091882728e+00,2.700000000e-01,5.200000000e-01
7.519531250e-01,3.478505426e-01,1.249045772e+00,1.100000000e-01,3.300000000e-01
7.552083333e-01,1.118033989e-01,-4.636476090e-01,1.000000000e-01,-5.000000000e-02
7.584635417e-01,4.810405388e-01,-7.559948752e-01,3.500000000e-01,-3.300000000e-01
7.617187500e-01,4.785394446e-01,-2.025098413e+00,-2.100000000e-01,-4.300000000e-01
7.649739583e-01,3.962322551e-01,-2.391893603e+00,-2.900000000e-01,-2.700000000e-01
7.682291667e-01,4.280186912e-01,-6.528466311e-01,3.400000000e-01,-2.600000000e-01
7.714843750e-01,1.392838828e-01,1.203622493e+00,5.000000000e-02,1.300000000e-01
7.747395833e-01,5.818934610e-01,2.808972962e+00,-5.500000000e-01,1.900000000e-01
7.779947917e-01,8.246211251e-02,2.449786631e-01,8.000000000e-02,2.000000000e-02
7.812500000e-01,4.244997055e-01,8.187191593e-01,2.900000000e-01,3.100000000e-01
7.845052083e-01,8.300602388e-01,2.202249826e+00,-4.900000000e-01,6.700000000e-01
7.877604167e-01,6.685057965e-01,2.175394917e+00,-3.800000000e-01,5.500000000e-01
7.910156250e-01,1.868154169e-01,2.870645803e+00,-1.800000000e-01,5.000000000e-02
7.942708333e-01,6.063827174e-01,-1.337817088e+00,1.400000000e-01,-5.900000000e-01
7.975260417e-01,6.053924347e-01,-1.033209680e+00,3.100000000e-01,-5.200000000e-01
8.007812500e-01,9.060353194e-01,2.489261752e+00,-7.200000000e-01,5.500000000e-01
8.040364583e-01,1.024207010e+00,1.737550139e+00,-1.700000000e-01,1.010000000e+00
8.072916667e-01,1.008811182e+00,3.123464429e-01,9.600000000e-01,3.100000000e-01
8.105468750e-01,2.607680962e-01,-7.677189127e-02,2.600000000e-01,-2.000000000e-02
8.138020833e-01,4.081666326e-01,-1.030376827e+00,2.100000000e-01,-3.500000000e-01
8.170572917e-01,1.964688270e-01,-1.828120042e+00,-5.000000000e-02,-1.900000000e-01
8.203125000e-01,7.003570518e-01,2.325900730e+00,-4.800000000e-01,5.100000000e-01
8.235677083e-01,2.901723626e-01,-3.446910100e-02,2.900000000e-01,-1.000000000e-02
8.268229167e-01,4.709564736e-01,6.374331253e-02,4.700000000e-01,3.000000000e-02
8.300781250e-01,4.080441153e-01,2.512796367e+00,-3.300000000e-01,2.400000000e-01
8.333333333e-01,5.263078947e-01,-2.463884361e+00,-4.100000000e-01,-3.300000000e-01
8.365885417e-01,1.300000000e-01,-1.176005207e+00,5.000000000e-02,-1.200000000e-01
8.398437500e-01,4.338202393e-01,2.024135023e+00,-1.900000000e-01,3.900000000e-01
8.430989583e-01,6.551335742e-01,2.116451381e+00,-3.400000000e-01,5.600000000e-01
8.463541667e-01,7.156814934e-01,2.872889629e+00,-6.900000000e-01,1.900000000e-01
8.496093750e-01,2.154065923e-01,-2.761086276e+00,-2.000000000e-01,-8.000000000e-02
8.528645833e-01,7.051950085e-01,-3.172662795e-01,6.700000000e-01,-2.200000000e-01
8.561197917e-01,6.762396025e-01,-1.160079364e+00,2.700000000e-01,-6.200000000e-01
8.593750000e-01,7.940403012e-01,-1.469874542e+00,8.000000000e-02,-7.900000000e-01
8.626302083e-01,1.011385189e+00,-1.820571116e+00,-2.500000000e-01,-9.800000000e-01
8.658854167e-01,6.447480128e-01,-1.985871060e+00,-2.600000000e-01,-5.900000000e-01
8.691406250e-01,2.807133770e-01,-7.130746479e-02,2.800000000e-01,-2.000000000e-02
8.723958333e-01,4.079215611e-01,2.944197094e+00,-4.000000000e-01,8.000000000e-02
8.756510417e-01,9.219544457e-02,-8.621700547e-01,6.000000000e-02,-7.000000000e-02
8.789062500e-01,5.456189146e-01,-7.205541358e-01,4.100000000e-01,-3.600000000e-01
8.821614583e-01,9.261749295e-01,-2.478655548e+00,-7.300000000e-01,-5.700000000e-01
8.854166667e-01,1.315294644e-01,-2.988943325e+00,-1.300000000e-01,-2.000000000e-02
8.886718750e-01,5.940538696e-01,9.407624172e-01,3.500000000e-01,4.800000000e-01
8.919270833e-01,5.948108943e-01,2.670426389e+00,-5.300000000e-01,2.700000000e-01
8.951822917e-01,4.123105626e-01,2.253112882e+00,-2.600000000e-01,3.200000000e-01
8.984375000e-01,7.818567644e-01,1.204540766e+00,2.800000000e-01,7.300000000e-01
9.016927083e-01,1.664331698e-01,2.142133807e+00,-9.000000000e-02,1.400000000e-01
9.049479167e-01,2.433105012e-01,-1.735945004e+00,-4.000000000e-02,-2.400000000e-01
9.082031250e-01,5.522680509e-01,9.065988720e-02,5.500000000e-01,5.000000000e-02
9.114583333e-01,2.915475947e-01,2.111215827e+00,-1.500000000e-01,2.500000000e-01
9.147135417e-01,3.600000000e-01,3.141592654e+00,-3.600000000e-01,0.000000000e+00
9.179687500e-01,3.640054945e-01,-1.205594877e+00,1.300000000e-01,-3.400000000e-01
9.212239583e-01,5.261178575e-01,2.988943325e+00,-5.200000000e-01,8.000000000e-02
9.244791667e-01,3.900000000e-01,2.746801534e+00,-3.600000000e-01,1.500000000e-01
9.277343750e-01,1.529705854e-01,-1.768191887e+00,-3.000000000e-02,-1.500000000e-01
9.309895833e-01,6.997142274e-01,2.601173153e+00,-6.000000000e-01,3.600000000e-01
9.342447917e-01,7.600657866e-01,2.140552780e+00,-4.100000000e-01,6.400000000e-01
9.375000000e-01,8.130190650e-01,1.657001900e+00,-7.000000000e-02,8.100000000e-01
9.407552083e-01,1.025768005e+00,1.050441023e+00,5.100000000e-01,8.900000000e-01
9.440104167e-01,5.948108943e-01,2.898464899e-01,5.700000000e-01,1.700000000e-01
9.472656250e-01,2.118962010e-01,-1.234121507e+00,7.000000000e-02,-2.000000000e-01
9.505208333e-01,5.731491952e-01,7.483780475e-01,4.200000000e-01,3.900000000e-01
9.537760417e-01,3.466987165e-01,5.800027742e-01,2.900000000e-01,1.900000000e-01
9.570312500e-01,8.823831367e-01,-2.468621621e+00,-6.900000000e-01,-5.500000000e-01
9.602864583e-01,6.726812024e-01,2.408777552e+00,-5.000000000e-01,4.500000000e-01
9.635416667e-01,8.174350127e-01,1.705773077e+00,-1.100000000e-01,8.100000000e-01
9.667968750e-01,6.103277808e-01,-2.181522291e+00,-3.500000000e-01,-5.000000000e-01
9.700520833e-01,7.433034374e-01,-1.476482375e+00,7.000000000e-02,-7.400000000e-01
9.733072917e-01,5.246903849e-01,1.436985349e+00,7.000000000e-02,5.200000000e-01
9.765625000e-01,8.766413178e-01,1.209355436e+00,3.100000000e-01,8.200000000e-01
9.798177083e-01,6.296824597e-01,8.190932707e-01,4.300000000e-01,4.600000000e-01
9.830729167e-01,6.624198065e-01,2.074962288e+00,-3.200000000e-01,5.800000000e-01
9.863281250e-01,1.838477631e-01,-2.750985610e+00,-1.700000000e-01,-7.000000000e-02
9.895833333e-01,3.342154993e-01,8.913825214e-01,2.100000000e-01,2.600000000e-01
9.928385417e-01,4.891829923e-01,2.283857160e+00,-3.200000000e-01,3.700000000e-01
9.960937500e-01,6.512296062e-01,-1.509335371e+00,4.000000000e-02,-6.500000000e-01
9.993489583e-01,7.679192666e-01,1.437386731e-01,7.600000000e-01,1.100000000e-01
1.002604167e+00,1.421267040e-01,2.455863143e+00,-1.100000000e-01,9.000000000e-02
1.005859375e+00,1.162970335e+00,-2.053672335e+00,-5.400000000e-01,-1.030000000e+00
1.009114583e+00,4.601086828e-01,-7.392770474e-01,3.400000000e-01,-3.100000000e-01
1.012369792e+00,5.099019514e-01,8.408966686e-01,3.400000000e-01,3.800000000e-01
1.015625000e+00,4.000000000e-01,-1.570796327e+00,0.000000000e+00,-4.000000000e-01
1.018880208e+00,5.314132102e-01,-1.225240746e+00,1.800000000e-01,-5.000000000e-01
1.022135417e+00,2.469817807e-01,-3.729877218e-01,2.300000000e-01,-9.000000000e-02
1.025390625e+00,3.008321791e-01,-1.839963820e+00,-8.000000000e-02,-2.900000000e-01
1.028645833e+00,6.435060217e-01,-2.367183059e+00,-4.600000000e-01,-4.500000000e-01
1.031901042e+00,4.341658669e-01,3.002952916e+00,-4.300000000e-01,6.000000000e-02
1.035156250e+00,4.743416490e-01,9.652516632e-01,2.700000000e-01,3.900000000e-01
1.038411458e+00,6.818357573e-01,-7.339732590e-02,6.800000000e-01,-5.000000000e-02
1.041666667e+00,5.000000000e-02,0.000000000e+00,5.000000000e-02,0.000000000e+00
1.044921875e+00,6.220128616e-01,3.061121642e+00,-6.200000000e-01,5.000000000e-02
1.048177083e+00,5.830951895e-01,2.754716936e+00,-5.400000000e-01,2.200000000e-01
1.051432292e+00,4.687216658e-01,2.553590050e+00,-3.900000000e-01,2.600000000e-01
1.054687500e+00,2.549509757e-01,-2.695487105e+00,-2.300000000e-01,-1.100000000e-01
1.057942708e+00,3.748332963e-01,-2.980829913e+00,-3.700000000e-01,-6.000000000e-02
1.061197917e+00,3.052867504e-01,2.589937671e+00,-2.600000000e-01,1.600000000e-01
1.064453125e+00,3.106444913e-01,2.562518384e+00,-2.600000000e-01,1.700000000e-01
1.067708333e+00,6.527633568e-01,-3.049545805e+00,-6.500000000e-01,-6.000000000e-02
1.070963542e+00,5.234500931e-01,-2.329174041e+00,-3.600000000e-01,-3.800000000e-01
1.074218750e+00,3.764306045e-01,-2.262133256e+00,-2.400000000e-01,-2.900000000e-01
1.077473958e+00,4.882622246e-01,2.181522291e+00,-2.800000000e-01,4.000000000e-01
1.080729167e+00,7.446475676e-01,1.312789085e+00,1.900000000e-01,7.200000000e-01
1.083984375e+00,3.634556369e-01,3.003586630e+00,-3.600000000e-01,5.000000000e-02
1.087239583e+00,9.984988733e-01,-2.628657640e+00,-8.700000000e-01,-4.900000000e-01
1.090494792e+00,7.323933369e-01,-2.530866689e+00,-6.000000000e-01,-4.200000000e-01
1.093750000e+00,3.945883931e-01,1.723445655e+00,-6.000000000e-02,3.900000000e-01
1.097005208e+00,5.903388857e-01,1.383367214e+00,1.100000000e-01,5.800000000e-01
1.100260417e+00,3.687817783e-01,-8.621700547e-01,2.400000000e-01,-2.800000000e-01
1.103515625e+00,3.228002478e-01,-2.825549525e-01,3.100000000e-01,-9.000000000e-02
1.106770833e+00,8.464632302e-01,2.465006695e+00,-6.600000000e-01,5.300000000e-01
1.110026042e+00,8.836288814e-01,-3.050932766e+00,-8.800000000e-01,-8.000000000e-02
1.113281250e+00,2.109502311e-01,-2.119345729e+00,-1.100000000e-01,-1.800000000e-01
1.116536458e+00,3.220248438e-01,2.020555940e+00,-1.400000000e-01,2.900000000e-01
1.119791667e+00,3.026549190e-01,3.009041121e+00,-3.000000000e-01,4.000000000e-02
1.123046875e+00,5.178802950e-01,-1.746721990e-01,5.100000000e-01,-9.000000000e-02
1.126302083e+00,8.807383266e-01,-2.174374194e-01,8.600000000e-01,-1.900000000e-01
1.129557292e+00,5.189412298e-01,-2.008587630e+00,-2.200000000e-01,-4.700000000e-01
1.132812500e+00,1.044030651e-01,-2.850135859e+00,-1.000000000e-01,-3.000000000e-02
1.136067708e+00,6.129437168e-01,5.880026035e-01,5.100000000e-01,3.400000000e-01
1.139322917e+00,4.123105626e-01,2.253112882e+00,-2.600000000e-01,3.200000000e-01
1.142578125e+00,9.055385138e-02,3.030935432e+00,-9.000000000e-02,1.000000000e-02
1.145833333e+00,3.140063694e-01,1.599131232e-01,3.100000000e-01,5.000000000e-02
1.149088542e+00,4.981967483e-01,2.469986497e+00,-3.900000000e-01,3.100000000e-01
1.152343750e+00,7.736924454e-01,2.893479204e+00,-7.500000000e-01,1.900000000e-01
1.155598958e+00,2.282542442e-01,-2.638749443e+00,-2.000000000e-01,-1.100000000e-01
1.158854167e+00,3.929376541e-01,-1.828120042e+00,-1.000000000e-01,-3.800000000e-01
1.162109375e+00,1.004987562e-01,1.670464979e+00,-1.000000000e-02,1.000000000e-01
1.165364583e+00,5.217278984e-01,1.358364306e+00,1.100000000e-01,5.100000000e-01
1.168619792e+00,1.802775638e-01,-9.827937232e-01,1.000000000e-01,-1.500000000e-01
1.171875000e+00,5.693856338e-01,-1.036400850e+00,2.900000000e-01,-4.900000000e-01
1.175130208e+00,1.140175425e-01,-9.097531579e-01,7.000000000e-02,-9.000000000e-02
1.178385417e+00,3.200000000e-01,-1.570796327e+00,0.000000000e+00,-3.200000000e-01
1.181640625e+00,6.324555320e-02,-3.217505544e-01,6.000000000e-02,-2.000000000e-02
1.184895833e+00,3.301514804e-01,1.540502567e+00,1.000000000e-02,3.300000000e-01
1.188151042e+00,1.676305461e-01,-1.267911458e+00,5.000000000e-02,-1.600000000e-01
1.191406250e+00,1.236931688e-01,-1.325817664e+00,3.000000000e-02,-1.200000000e-01
1.194661458e+00,3.700000000e-01,0.000000000e+00,3.700000000e-01,0.000000000e+00
1.197916667e+00,2.549509757e-01,4.461055489e-01,2.300000000e-01,1.100000000e-01
1.201171875e+00,4.884669897e-01,3.995154940e-01,4.500000000e-01,1.900000000e-01
1.204427083e+00,6.403124237e-01,-3.123983343e-02,6.400000000e-01,-2.000000000e-02
1.207682292e+00,4.123105626e-01,-2.449786631e-01,4.000000000e-01,-1.000000000e-01
1.210937500e+00,8.967719889e-01,-1.229718696e-01,8.900000000e-01,-1.100000000e-01
1.214192708e+00,3.067572330e-01,3.320594675e-01,2.900000000e-01,1.000000000e-01
1.217447917e+00,4.837354649e-01,-1.695151321e+00,-6.000000000e-02,-4.800000000e-01
1.220703125e+00,7.323933369e-01,-9.600703624e-01,4.200000000e-01,-6.000000000e-01
1.223958333e+00,4.031128874e-01,1.978945431e+00,-1.600000000e-01,3.700000000e-01
1.227213542e+00,2.789265136e-01,-2.887918557e+00,-2.700000000e-01,-7.000000000e-02
1.230468750e+00,5.375872022e-01,-1.249045772e+00,1.700000000e-01,-5.100000000e-01
1.233723958e+00,1.529705854e-01,-1.768191887e+00,-3.000000000e-02,-1.500000000e-01
1.236979167e+00,1.838477631e-01,1.961403370e+00,-7.000000000e-02,1.700000000e-01
1.240234375e+00,4.887739764e-01,5.369107427e-01,4.200000000e-01,2.500000000e-01
1.243489583e+00,5.032891813e-01,7.150916993e-01,3.800000000e-01,3.300000000e-01
1.246744792e+00,3.080584360e-01,-2.292319333e-01,3.000000000e-01,-7.000000000e-02
1.250000000e+00,7.707788269e-01,-7.945722179e-01,5.400000000e-01,-5.500000000e-01
1.253255208e+00,5.374011537e-01,7.853981634e-01,3.800000000e-01,3.800000000e-01
1.256510417e+00,1.373207923e+00,1.126690204e+00,5.900000000e-01,1.240000000e+00
1.259765625e+00,5.720139858e-01,9.342881110e-01,3.400000000e-01,4.600000000e-01
1.263020833e+00,1.676305461e-01,-2.838707785e+00,-1.600000000e-01,-5.000000000e-02
1.266276042e+00,1.414213562e-01,-1.712693381e+00,-2.000000000e-02,-1.400000000e-01
1.269531250e+00,2.163330765e-01,2.553590050e+00,-1.800000000e-01,1.200000000e-01
1.272786458e+00,5.220153254e-01,1.218752012e+00,1.800000000e-01,4.900000000e-01
1.276041667e+00,5.658621740e-01,-7.604033698e-01,4.100000000e-01,-3.900000000e-01
1.279296875e+00,4.517742799e-01,-1.659452209e+00,-4.000000000e-02,-4.500000000e-01
1.282552083e+00,1.931320792e-01,-1.199905038e+00,7.000000000e-02,-1.800000000e-01
1.285807292e+00,5.360037313e-01,-2.449786631e-01,5.200000000e-01,-1.300000000e-01
1.289062500e+00,2.607680962e-01,1.494024436e+00,2.000000000e-02,2.600000000e-01
1.292317708e+00,4.850773134e-01,2.996780155e+00,-4.800000000e-01,7.000000000e-02
1.295572917e+00,3.801315562e-01,-1.597106044e+00,-1.000000000e-02,-3.800000000e-01
1.298828125e+00,3.397057550e-01,-8.270407425e-01,2.300000000e-01,-2.500000000e-01
1.302083333e+00,5.700877125e-01,1.193547267e+00,2.100000000e-01,5.300000000e-01
1.305338542e+00,3.805259518e-01,1.518213265e+00,2.000000000e-02,3.800000000e-01
1.308593750e+00,2.844292531e-01,-2.964883798e+00,-2.800000000e-01,-5.000000000e-02
1.311848958e+00,3.748332963e-01,1.410033586e+00,6.000000000e-02,3.700000000e-01
1.315104167e+00,5.869412236e-01,1.811642782e+00,-1.400000000e-01,5.700000000e-01
1.318359375e+00,1.529705854e-01,1.768191887e+00,-3.000000000e-02,1.500000000e-01
1.321614583e+00,2.418677324e-01,-2.089942441e+00,-1.200000000e-01,-2.100000000e-01
1.324869792e+00,5.385164807e-02,2.761086276e+00,-5.000000000e-02,2.000000000e-02
1.328125000e+00,1.010198000e+00,5.523034909e-01,8.600000000e-01,5.300000000e-01
1.331380208e+00,7.433034374e-01,7.378150601e-01,5.500000000e-01,5.000000000e-01
1.334635417e+00,3.423448554e-01,-3.024483909e+00,-3.400000000e-01,-4.000000000e-02
1.337890625e+00,5.288667129e-01,2.873682231e+00,-5.100000000e-01,1.400000000e-01
1.341145833e+00,2.692582404e-01,5.467888409e-01,2.300000000e-01,1.400000000e-01
1.344401042e+00,6.612866247e-01,-3.552308620e-01,6.200000000e-01,-2.300000000e-01
1.347656250e+00,4.026164428e-01,-1.319793640e+00,1.000000000e-01,-3.900000000e-01
1.350911458e+00,4.317406629e-01,-1.337053146e+00,1.000000000e-01,-4.200000000e-01
1.354166667e+00,9.433981132e-02,-2.129395642e+00,-5.000000000e-02,-8.000000000e-02
1.357421875e+00,4.700000000e-01,-1.570796327e+00,0.000000000e+00,-4.700000000e-01
1.360677083e+00,5.768882041e-01,-9.827937232e-01,3.200000000e-01,-4.800000000e-01
1.363932292e+00,1.708800749e-01,2.782821983e+00,-1.600000000e-01,6.000000000e-02
1.367187500e+00,3.535533906e-01,-2.999695599e+00,-3.500000000e-01,-5.000000000e-02
1.370442708e+00,1.979898987e-01,-7.853981634e-01,1.400000000e-01,-1.400000000e-01
1.373697917e+00,3.443835072e-01,-1.120135001e+00,1.500000000e-01,-3.100000000e-01
1.376953125e+00,3.360059523e-01,9.332475287e-01,2.000000000e-01,2.700000000e-01
1.380208333e+00,1.021077862e+00,1.423359163e+00,1.500000000e-01,1.010000000e+00
1.383463542e+00,5.374011537e-01,2.356194490e+00,-3.800000000e-01,3.800000000e-01
1.386718750e+00,5.353503526e-01,-2.569132840e+00,-4.500000000e-01,-2.900000000e-01
1.389973958e+00,6.400000000e-01,0.000000000e+00,6.400000000e-01,0.000000000e+00
1.393229167e+00,5.770615219e-01,-4.868992318e-01,5.100000000e-01,-2.700000000e-01
1.396484375e+00,6.126989473e-01,-2.685244185e+00,-5.500000000e-01,-2.700000000e-01
1.399739583e+00,4.401136217e-01,2.769524895e+00,-4.100000000e-01,1.600000000e-01
1.402994792e+00,3.962322551e-01,1.748392494e+00,-7.000000000e-02,3.900000000e-01
1.406250000e+00,3.911521443e-01,2.137525544e+00,-2.100000000e-01,3.300000000e-01
1.409505208e+00,3.298484500e-01,1.815774990e+00,-8.000000000e-02,3.200000000e-01
1.412760417e+00,2.308679276e-01,8.673833868e-02,2.300000000e-01,2.000000000e-02
1.416015625e+00,5.166236541e-01,-8.264709420e-01,3.500000000e-01,-3.800000000e-01
1.419270833e+00,6.140032573e-01,-1.041549546e+00,3.100000000e-01,-5.300000000e-01
1.422526042e+00,5.547071299e-01,-1.082959888e+00,2.600000000e-01,-4.900000000e-01
1.425781250e+00,1.700000000e-01,-1.080839001e+00,8.000000000e-02,-1.500000000e-01
1.429036458e+00,1.860107524e-01,9.380474918e-01,1.100000000e-01,1.500000000e-01
1.432291667e+00,2.865309756e-01,2.081284649e+00,-1.400000000e-01,2.500000000e-01
1.435546875e+00,5.003998401e-01,-3.101613966e+00,-5.000000000e-01,-2.000000000e-02
1.438802083e+00,2.137755833e-01,-1.759017832e+00,-4.000000000e-02,-2.100000000e-01
1.442057292e+00,3.634556369e-01,1.380060237e-01,3.600000000e-01,5.000000000e-02
1.445312500e+00,2.353720459e-01,1.356735643e+00,5.000000000e-02,2.300000000e-01
1.448567708e+00,1.170469991e-01,1.919567330e+00,-4.000000000e-02,1.100000000e-01
1.451822917e+00,4.716990566e-01,1.012197011e+00,2.500000000e-01,4.000000000e-01
1.455078125e+00,2.942787794e-01,1.707352115e-01,2.900000000e-01,5.000000000e-02
1.458333333e+00,6.389053138e-01,-1.268845165e+00,1.900000000e-01,-6.100000000e-01
1.461588542e+00,5.403702434e-01,-1.607816443e+00,-2.000000000e-02,-5.400000000e-01
1.464843750e+00,2.501999201e-01,-1.610775014e+00,-1.000000000e-02,-2.500000000e-01
1.468098958e+00,5.590169944e-01,-8.233546086e-01,3.800000000e-01,-4.100000000e-01
1.471354167e+00,4.891829923e-01,-7.130608329e-01,3.700000000e-01,-3.200000000e-01
1.474609375e+00,5.100980298e-01,-1.590401658e+00,-1.000000000e-02,-5.100000000e-01
1.477864583e+00,8.060397013e-01,-1.370967682e+00,1.600000000e-01,-7.900000000e-01
1.481119792e+00,7.349829930e-01,-2.614788157e-01,7.100000000e-01,-1.900000000e-01
1.484375000e+00,5.375872022e-01,8.117078807e-01,3.700000000e-01,3.900000000e-01
1.487630208e+00,7.932212806e-01,2.553590050e+00,-6.600000000e-01,4.400000000e-01
1.490885417e+00,4.100000000e-01,3.141592654e+00,-4.100000000e-01,0.000000000e+00
1.494140625e+00,6.489992296e-01,-9.827937232e-01,3.600000000e-01,-5.400000000e-01
1.497395833e+00,5.646237685e-01,-4.002406570e-01,5.200000000e-01,-2.200000000e-01
1.500651042e+00,3.712142239e-01,-4.756952189e-01,3.300000000e-01,-1.700000000e-01
1.503906250e+00,2.700000000e-01,0.000000000e+00,2.700000000e-01,0.000000000e+00
1.507161458e+00,5.408326913e-01,3.392926145e-01,5.100000000e-01,1.800000000e-01
1.510416667e+00,1.749285568e-01,-5.404195003e-01,1.500000000e-01,-9.000000000e-02
1.513671875e+00,2.720294102e-01,-2.984989316e-01,2.600000000e-01,-8.000000000e-02
1.516927083e+00,5.984145720e-01,1.678959233e-01,5.900000000e-01,1.000000000e-01
1.520182292e+00,5.371219601e-01,-2.719587624e+00,-4.900000000e-01,-2.200000000e-01
1.523437500e+00,6.987131028e-01,2.983502682e+00,-6.900000000e-01,1.100000000e-01
1.526692708e+00,3.257299495e-01,3.120421216e-01,3.100000000e-01,1.000000000e-01
1.529947917e+00,7.716216690e-01,-1.635640354e+00,-5.000000000e-02,-7.700000000e-01
1.533203125e+00,5.921148537e-01,-3.057048898e+00,-5.900000000e-01,-5.000000000e-02
1.536458333e+00,6.586349520e-01,2.095592098e+00,-3.300000000e-01,5.700000000e-01
1.539713542e+00,1.280624847e-01,2.245537269e+00,-8.000000000e-02,1.000000000e-01
1.542968750e+00,4.925444142e-01,1.672485179e+00,-5.000000000e-02,4.900000000e-01
1.546223958e+00,2.973213749e-01,2.403777593e+00,-2.200000000e-01,2.000000000e-01
1.549479167e+00,4.623851209e-01,-1.194305992e+00,1.700000000e-01,-4.300000000e-01
1.552734375e+00,5.292447449e-01,-1.183272521e+00,2.000000000e-01,-4.900000000e-01
1.555989583e+00,1.308625233e+00,-2.383214939e+00,-9.500000000e-01,-9.000000000e-01
1.559244792e+00,5.481788029e-01,-2.239839325e+00,-3.400000000e-01,-4.300000000e-01
1.562500000e+00,4.792702787e-01,4.076315055e-01,4.400000000e-01,1.900000000e-01
1.565755208e+00,8.709190548e-01,-5.975564530e-01,7.200000000e-01,-4.900000000e-01
1.569010417e+00,1.208139065e+00,-1.161416269e-01,1.200000000e+00,-1.400000000e-01
1.572265625e+00,5.197114584e-01,1.377174334e+00,1.000000000e-01,5.100000000e-01
1.575520833e+00,5.208646657e-01,3.083964226e+00,-5.200000000e-01,3.000000000e-02
1.578776042e+00,2.002498439e-01,-4.995839572e-02,2.000000000e-01,-1.000000000e-02
1.582031250e+00,4.588027899e-01,1.214576671e+00,1.600000000e-01,4.300000000e-01
1.585286458e+00,4.045985665e-01,6.979028226e-01,3.100000000e-01,2.600000000e-01
1.588541667e+00,4.967896939e-01,6.998928697e-01,3.800000000e-01,3.200000000e-01
1.591796875e+00,4.652956050e-01,2.063282093e+00,-2.200000000e-01,4.100000000e-01
1.595052083e+00,2.884441020e-01,2.158798930e+00,-1.600000000e-01,2.400000000e-01
1.598307292e+00,3.956008089e-01,-1.209067085e+00,1.400000000e-01,-3.700000000e-01
1.601562500e+00,7.038465742e-01,-1.177098103e+00,2.700000000e-01,-6.500000000e-01
1.604817708e+00,2.376972865e-01,1.182477609e+00,9.000000000e-02,2.200000000e-01
1.608072917e+00,8.004998438e-01,1.797595175e+00,-1.800000000e-01,7.800000000e-01
1.611328125e+00,8.544003745e-02,-1.212025657e+00,3.000000000e-02,-8.000000000e-02
1.614583333e+00,5.115662225e-01,-1.492525186e+00,4.000000000e-02,-5.100000000e-01
1.617838542e+00,1.500000000e-01,3.141592654e+00,-1.500000000e-01,0.000000000e+00
1.621093750e+00,7.186793444e-01,2.584468263e+00,-6.100000000e-01,3.800000000e-01
1.624348958e+00,7.885429601e-01,-2.924299223e+00,-7.700000000e-01,-1.700000000e-01
1.627604167e+00,5.980802622e-01,-1.212025657e+00,2.100000000e-01,-5.600000000e-01
1.630859375e+00,1.204159458e-01,7.266423407e-01,9.000000000e-02,8.000000000e-02
1.634114583e+00,4.973932046e-01,1.044169055e+00,2.500000000e-01,4.300000000e-01
1.637369792e+00,6.830812543e-01,-3.124915597e-01,6.500000000e-01,-2.100000000e-01
1.640625000e+00,7.720103626e-01,-2.209116135e+00,-4.600000000e-01,-6.200000000e-01
1.643880208e+00,3.624913792e-01,-2.714965160e+00,-3.300000000e-01,-1.500000000e-01
1.647135417e+00,6.859300256e-01,1.315881415e-01,6.800000000e-01,9.000000000e-02
1.650390625e+00,2.473863375e-01,2.896613990e+00,-2.400000000e-01,6.000000000e-02
1.653645833e+00,9.831073187e-01,2.978116215e+00,-9.700000000e-01,1.600000000e-01
1.656901042e+00,3.231098884e-01,1.951302704e+00,-1.200000000e-01,3.000000000e-01
1.660156250e+00,3.014962686e-01,-3.041924001e+00,-3.000000000e-01,-3.000000000e-02
1.663411458e+00,1.050428484e+00,-3.113028996e+00,-1.050000000e+00,-3.000000000e-02
1.666666667e+00,1.910497317e-01,2.393214606e+00,-1.400000000e-01,1.300000000e-01
1.669921875e+00,7.300684899e-01,-2.350122157e-01,7.100000000e-01,-1.700000000e-01
1.673177083e+00,6.216912417e-01,1.765037323e+00,-1.200000000e-01,6.100000000e-01
1.676432292e+00,5.044799302e-01,1.810967335e+00,-1.200000000e-01,4.900000000e-01
1.679687500e+00,7.884795495e-01,-2.695890779e-01,7.600000000e-01,-2.100000000e-01
1.682942708e+00,6.428063472e-01,-9.347678116e-02,6.400000000e-01,-6.000000000e-02
1.686197917e+00,4.301162634e-01,-3.070457320e-01,4.100000000e-01,-1.300000000e-01
1.689453125e+00,4.669047012e-01,-7.551044035e-01,3.400000000e-01,-3.200000000e-01
1.692708333e+00,2.830194340e-01,-1.012197011e+00,1.500000000e-01,-2.400000000e-01
1.695963542e+00,6.000000000e-02,1.570796327e+00,0.000000000e+00,6.000000000e-02
1.699218750e+00,2.729468813e-01,2.994514298e+00,-2.700000000e-01,4.000000000e-02
1.702473958e+00,3.841874542e-01,-2.466851711e+00,-3.000000000e-01,-2.400000000e-01
1.705729167e+00,5.590169944e-01,-2.394150935e+00,-4.100000000e-01,-3.800000000e-01
1.708984375e+00,6.041522987e-01,-2.640924929e+00,-5.300000000e-01,-2.900000000e-01
1.712239583e+00,1.700000000e-01,0.000000000e+00,1.700000000e-01,0.000000000e+00
1.715494792e+00,5.464430437e-01,6.032298529e-01,4.500000000e-01,3.100000000e-01
1.718750000e+00,3.059411708e-01,-2.944197094e+00,-3.000000000e-01,-6.000000000e-02
1.722005208e+00,5.360037313e-01,-1.720608783e+00,-8.000000000e-02,-5.300000000e-01
1.725260417e+00,5.748912941e-01,2.281026283e-01,5.600000000e-01,1.300000000e-01
1.728515625e+00,4.186884283e-01,8.699419189e-01,2.700000000e-01,3.200000000e-01
1.731770833e+00,9.899494937e-02,2.356194490e+00,-7.000000000e-02,7.000000000e-02
1.735026042e+00,3.182766093e-01,7.631795981e-01,2.300000000e-01,2.200000000e-01
1.738281250e+00,2.617250466e-01,3.026716048e+00,-2.600000000e-01,3.000000000e-02
1.741536458e+00,3.397057550e-01,2.397837069e+00,-2.500000000e-01,2.300000000e-01
1.744791667e+00,8.000624976e-01,-1.249934902e-02,8.000000000e-01,-1.000000000e-02
1.748046875e+00,5.869412236e-01,1.168141673e+00,2.300000000e-01,5.400000000e-01
1.751302083e+00,9.701546269e-01,1.820774948e+00,-2.400000000e-01,9.400000000e-01
1.754557292e+00,6.964194139e-01,-3.671738338e-01,6.500000000e-01,-2.500000000e-01
1.757812500e+00,7.823042886e-01,-1.494024436e+00,6.000000000e-02,-7.800000000e-01
1.761067708e+00,5.456189146e-01,-2.026247398e+00,-2.400000000e-01,-4.900000000e-01
1.764322917e+00,7.641989270e-01,-8.224182793e-01,5.200000000e-01,-5.600000000e-01
1.767578125e+00,6.100000000e-01,-1.389476552e+00,1.100000000e-01,-6.000000000e-01
1.770833333e+00,2.280350850e-01,-9.097531579e-01,1.400000000e-01,-1.800000000e-01
1.774088542e+00,4.365775991e-01,-3.507279482e-01,4.100000000e-01,-1.500000000e-01
1.777343750e+00,5.385164807e-02,1.951302704e+00,-2.000000000e-02,5.000000000e-02
1.780598958e+00,4.103656906e-01,2.390663591e+00,-3.000000000e-01,2.800000000e-01
1.783854167e+00,2.901723626e-01,3.107123553e+00,-2.900000000e-01,1.000000000e-02
1.787109375e+00,2.012461180e-01,2.034443936e+00,-9.000000000e-02,1.800000000e-01
1.790364583e+00,1.702938637e-01,-3.082836831e+00,-1.700000000e-01,-1.000000000e-02
1.793619792e+00,4.123105626e-01,-2.253112882e+00,-2.600000000e-01,-3.200000000e-01
1.796875000e+00,1.303840481e-01,1.004067109e+00,7.000000000e-02,1.100000000e-01
1.800130208e+00,4.919349550e-01,4.636476090e-01,4.400000000e-01,2.200000000e-01
1.803385417e+00,3.811823711e-01,7.878396099e-02,3.800000000e-01,3.000000000e-02
1.806640625e+00,2.469817807e-01,2.125103823e+00,-1.300000000e-01,2.100000000e-01
1.809895833e+00,4.477722635e-01,1.157107114e+00,1.800000000e-01,4.100000000e-01
1.813151042e+00,4.438468204e-01,-2.504430896e-01,4.300000000e-01,-1.100000000e-01
1.816406250e+00,4.883646179e-01,-1.385448377e+00,9.000000000e-02,-4.800000000e-01
1.819661458e+00,6.397655821e-01,-1.135113454e+00,2.700000000e-01,-5.800000000e-01
1.822916667e+00,5.021951812e-01,-1.349967557e+00,1.100000000e-01,-4.900000000e-01
1.826171875e+00,5.003998401e-01,-3.101613966e+00,-5.000000000e-01,-2.000000000e-02
1.829427083e+00,1.565247584e-01,-2.034443936e+00,-7.000000000e-02,-1.400000000e-01
1.832682292e+00,6.369458376e-01,-3.863372148e-01,5.900000000e-01,-2.400000000e-01
1.835937500e+00,1.264911064e-01,-1.892546881e+00,-4.000000000e-02,-1.200000000e-01
1.839192708e+00,6.718630813e-01,2.885784089e+00,-6.500000000e-01,1.700000000e-01
1.842447917e+00,5.464430437e-01,2.538362801e+00,-4.500000000e-01,3.100000000e-01
1.845703125e+00,1.118033989e-01,-2.034443936e+00,-5.000000000e-02,-1.000000000e-01
1.848958333e+00,5.510898293e-01,2.009542637e-01,5.400000000e-01,1.100000000e-01
1.852213542e+00,7.648529270e-01,4.461055489e-01,6.900000000e-01,3.300000000e-01
1.855468750e+00,2.340939982e-01,-1.222025323e+00,8.000000000e-02,-2.200000000e-01
1.858723958e+00,5.203844733e-01,-1.609238917e+00,-2.000000000e-02,-5.200000000e-01
1.861979167e+00,0.000000000e+00,0.000000000e+00,0.000000000e+00,0.000000000e+00
1.865234375e+00,3.201562119e-01,2.245537269e+00,-2.000000000e-01,2.500000000e-01
1.868489583e+00,5.024937811e-01,-1.026963870e+00,2.600000000e-01,-4.300000000e-01
1.871744792e+00,5.243090692e-01,-6.091634657e-01,4.300000000e-01,-3.000000000e-01
1.875000000e+00,1.503329638e-01,-3.075024490e+00,-1.500000000e-01,-1.000000000e-02
1.878255208e+00,2.473863375e-01,-1.325817664e+00,6.000000000e-02,-2.400000000e-01
1.881510417e+00,9.745255256e-01,-8.944528218e-01,6.100000000e-01,-7.600000000e-01
1.884765625e+00,5.800862005e-01,-1.588035998e+00,-1.000000000e-02,-5.800000000e-01
1.888020833e+00,5.154609588e-01,2.825976992e+00,-4.900000000e-01,1.600000000e-01
1.891276042e+00,4.601086828e-01,7.392770474e-01,3.400000000e-01,3.100000000e-01
1.894531250e+00,6.824221567e-01,9.624713182e-01,3.900000000e-01,5.600000000e-01
1.897786458e+00,6.281719510e-01,1.811914005e+00,-1.500000000e-01,6.100000000e-01
1.901041667e+00,2.720294102e-01,2.843093722e+00,-2.600000000e-01,8.000000000e-02
1.904296875e+00,6.135144660e-01,-1.238736859e+00,2.000000000e-01,-5.800000000e-01
1.907552083e+00,7.421590126e-01,-2.449786631e-01,7.200000000e-01,-1.800000000e-01
1.910807292e+00,3.538361203e-01,2.316215803e+00,-2.400000000e-01,2.600000000e-01
1.914062500e+00,8.200000000e-01,2.920278211e+00,-8.000000000e-01,1.800000000e-01
1.917317708e+00,4.827007354e-01,1.800700755e+00,-1.100000000e-01,4.700000000e-01
1.920572917e+00,5.234500931e-01,-3.026716048e+00,-5.200000000e-01,-6.000000000e-02
1.923828125e+00,8.104319836e-01,-2.866682812e+00,-7.800000000e-01,-2.200000000e-01
1.927083333e+00,4.177319715e-01,2.948891895e+00,-4.100000000e-01,8.000000000e-02
1.930338542e+00,3.041381265e-01,-2.379446113e+00,-2.200000000e-01,-2.100000000e-01
1.933593750e+00,4.976946855e-01,-2.749892714e+00,-4.600000000e-01,-1.900000000e-01
1.936848958e+00,1.615549442e-01,-1.951302704e+00,-6.000000000e-02,-1.500000000e-01
1.940104167e+00,4.440720662e-01,-1.355277140e-01,4.400000000e-01,-6.000000000e-02
1.943359375e+00,1.140175425e-01,1.304544278e+00,3.000000000e-02,1.100000000e-01
1.946614583e+00,3.801315562e-01,-9.536049353e-01,2.200000000e-01,-3.100000000e-01
1.949869792e+00,4.491102315e-01,2.017623443e-01,4.400000000e-01,9.000000000e-02
1.953125000e+00,1.931320792e-01,3.708912888e-01,1.800000000e-01,7.000000000e-02
1.956380208e+00,1.202663710e+00,-1.504228163e+00,8.000000000e-02,-1.200000000e+00
1.959635417e+00,1.802775638e-01,-2.553590050e+00,-1.500000000e-01,-1.000000000e-01
1.962890625e+00,1.039422917e+00,1.377174334e+00,2.000000000e-01,1.020000000e+00
1.966145833e+00,6.113100686e-01,-2.648173299e-01,5.900000000e-01,-1.600000000e-01
1.969401042e+00,2.202271555e-01,-1.525373047e+00,1.000000000e-02,-2.200000000e-01
1.972656250e+00,4.308131846e-01,1.951302704e+00,-1.600000000e-01,4.000000000e-01
1.975911458e+00,6.720119047e-01,9.332475287e-01,4.000000000e-01,5.400000000e-01
1.979166667e+00,2.865309756e-01,5.104883219e-01,2.500000000e-01,1.400000000e-01
1.982421875e+00,4.079215611e-01,-1.768191887e+00,-8.000000000e-02,-4.000000000e-01
1.985677083e+00,3.140063694e-01,-9.209258774e-01,1.900000000e-01,-2.500000000e-01
1.988932292e+00,2.308679276e-01,-3.080527810e-01,2.200000000e-01,-7.000000000e-02
1.992187500e+00,4.701063709e-01,-1.592069713e+00,-1.000000000e-02,-4.700000000e-01
1.995442708e+00,1.615549442e-01,-1.951302704e+00,-6.000000000e-02,-1.500000000e-01
