6.658000000e+03,-3.263892035e+01,-2.118725802e+00,-1.215698261e-03,-1.992098909e-03
6.658020000e+03,-3.918871882e+01,-7.202717189e-01,8.252131919e-04,-7.241648073e-04
6.658040000e+03,-5.425500546e+01,5.725791559e-01,1.628511172e-04,1.049760064e-04
6.658060000e+03,-4.923224418e+01,-2.276709245e-01,3.365375799e-04,-7.797169667e-05
6.658080000e+03,-4.215675053e+01,-5.194133965e-01,6.772320201e-04,-3.872298805e-04
6.658100000e+03,-4.342660780e+01,2.538779812e+00,-5.552159428e-04,3.821407831e-04
6.658120000e+03,-4.328786286e+01,1.500827517e+00,4.788030687e-05,6.831922242e-04
6.658140000e+03,-3.861049256e+01,-2.867686518e+00,-1.129733778e-03,-3.174190788e-04
6.658160000e+03,-3.444103060e+01,-2.923508450e+00,-1.851560351e-03,-4.103218510e-04
6.658180000e+03,-3.659794571e+01,-6.701883328e-01,1.159458386e-03,-9.189412232e-04
6.658200000e+03,-3.893996050e+01,-2.782845731e+00,-1.057875111e-03,-3.966745117e-04
6.658220000e+03,-3.570074752e+01,-2.640860781e+00,-1.439053092e-03,-7.875263624e-04
6.658240000e+03,-3.548891241e+01,1.611292460e+00,-6.805330562e-05,1.679570254e-03
6.658260000e+03,-3.809260661e+01,1.693912540e+00,-1.529632913e-04,1.236146346e-03
6.658280000e+03,-4.098526318e+01,-2.659716242e+00,-7.911024849e-04,-4.137451478e-04
6.658300000e+03,-3.856498892e+01,7.787932154e-01,8.396246600e-04,8.286059235e-04
6.658320000e+03,-4.242659719e+01,-2.857394382e+00,-7.259223034e-04,-2.120457255e-04
6.658340000e+03,-3.516549382e+01,1.708065368e+00,-2.387443837e-04,1.728306385e-03
6.658360000e+03,-3.731094899e+01,-1.952489620e+00,-5.076565700e-04,-1.264785891e-03
6.658380000e+03,-4.126667820e+01,2.294415213e+00,-5.722560137e-04,6.477213681e-04
6.658400000e+03,-4.161035312e+01,-1.078416205e-01,8.259467555e-04,-8.941834520e-05
6.658420000e+03,-3.726160037e+01,3.475316544e-01,1.288687838e-03,4.668062475e-04
6.658440000e+03,-3.459483013e+01,1.693681213e+00,-2.283827979e-04,1.849145704e-03
6.658460000e+03,-4.106869735e+01,-2.273067467e+00,-5.711709509e-04,-6.750007641e-04
6.658480000e+03,-3.691054035e+01,-3.105786908e+00,-1.426246294e-03,-5.108964758e-05
6.658500000e+03,-3.800263360e+01,2.543624330e+00,-1.040162607e-03,7.085154507e-04
6.658520000e+03,-3.928911709e+01,-1.995054478e-01,1.063758902e-03,-2.150869579e-04
6.658540000e+03,-5.126809446e+01,1.739309983e+00,-4.583244185e-05,2.694012287e-04
6.658560000e+03,-4.487439413e+01,-3.793573525e-01,5.299691292e-04,-2.112815967e-04
6.658580000e+03,-4.004408697e+01,-1.688141975e+00,-1.164837852e-04,-9.880948742e-04
6.658600000e+03,-4.405926199e+01,1.373644685e+00,1.227496409e-04,6.145276156e-04
6.658620000e+03,-3.710752892e+01,-2.921720133e+00,-1.361570437e-03,-3.042913470e-04
6.658640000e+03,-4.095897792e+01,-2.782800011e+00,-8.384479017e-04,-3.144389767e-04
6.658660000e+03,-4.429470254e+01,-1.173221932e+00,2.361463459e-04,-5.623376226e-04
6.658680000e+03,-3.716605831e+01,2.796802419e+00,-1.304230217e-03,4.683956353e-04
6.658700000e+03,-4.075033729e+01,2.502602757e-01,8.886664425e-04,2.271601919e-04
6.658720000e+03,-3.551271904e+01,1.711832142e+00,-2.356420210e-04,1.659702907e-03
6.658740000e+03,-4.332753694e+01,-2.628541346e+00,-5.939725525e-04,-3.346272580e-04
6.658760000e+03,-4.935134527e+01,2.244360527e+00,-2.125500504e-04,2.663294312e-04
6.658780000e+03,-3.923924915e+01,-4.536479019e-02,1.090411713e-03,-4.950025980e-05
6.658800000e+03,-3.723778809e+01,1.607009390e+00,-4.976006358e-05,1.373490846e-03
6.658820000e+03,-4.106463104e+01,2.121887698e+00,-4.632148424e-04,7.536754592e-04
6.658840000e+03,-3.608848236e+01,-8.855061582e-01,9.929088853e-04,-1.214643763e-03
6.658860000e+03,-4.311269801e+01,-6.723023558e-01,5.467493963e-04,-4.352171654e-04
6.658880000e+03,-3.822919867e+01,2.364961434e-01,1.192010270e-03,2.872818412e-04
6.658900000e+03,-4.219460218e+01,-2.848560354e+00,-7.436195250e-04,-2.243634808e-04
6.658920000e+03,-3.916815213e+01,-2.889308606e+00,-1.065669224e-03,-2.747042822e-04
6.658940000e+03,-3.570022580e+01,1.057277284e+00,8.059112999e-04,1.428951310e-03
6.658960000e+03,-3.667678699e+01,-2.334979431e+00,-1.014457316e-03,-1.058440566e-03
6.658980000e+03,-3.925191747e+01,-5.639605099e-02,1.088211022e-03,-6.143595073e-05
6.659000000e+03,-4.038777782e+01,1.722212469e+00,-1.442522236e-04,9.453953602e-04
6.659020000e+03,-4.561214158e+01,-8.022066247e-02,5.223889721e-04,-4.199651557e-05
6.659040000e+03,-4.163864342e+01,2.433488850e+00,-6.290002140e-04,5.385732188e-04
6.659060000e+03,-3.382948115e+01,2.395769883e+00,-1.494635816e-03,1.380780634e-03
6.659080000e+03,-4.597728284e+01,-5.324966120e-01,4.329247792e-04,-2.551120213e-04
6.659100000e+03,-4.122448357e+01,-1.029163696e+00,4.477488767e-04,-7.442002629e-04
6.659120000e+03,-3.660097633e+01,2.541294671e+00,-1.220374729e-03,8.354372345e-04
6.659140000e+03,-3.784730379e+01,3.064270953e+00,-1.277424580e-03,9.896995446e-05
6.659160000e+03,-3.707253288e+01,-2.400274027e+00,-1.033193752e-03,-9.458996852e-04
6.659180000e+03,-3.496892119e+01,3.982981392e-01,1.644955222e-03,6.921783782e-04
6.659200000e+03,-4.928953105e+01,2.538484227e+00,-2.826359385e-04,1.946541553e-04
6.659220000e+03,-3.890055276e+01,-1.737667282e+00,-1.885105603e-04,-1.119173518e-03
6.659240000e+03,-4.072249472e+01,-1.582887355e+00,-1.112571446e-05,-9.201179815e-04
6.659260000e+03,-4.226644471e+01,-3.016179550e+00,-7.642815662e-04,-9.635663417e-05
6.659280000e+03,-4.628903027e+01,-1.485532499e-01,4.794449369e-04,-7.175168872e-05
6.659300000e+03,-3.790527267e+01,2.224136711e+00,-7.736192194e-04,1.010621389e-03
6.659320000e+03,-3.496188190e+01,-2.592559356e+00,-1.523596296e-03,-9.320995201e-04
6.659340000e+03,-3.967140663e+01,1.648836772e+00,-8.096708133e-05,1.035394443e-03
6.659360000e+03,-3.960905650e+01,-6.803265585e-01,8.131552404e-04,-6.580065409e-04
6.659380000e+03,-4.529544206e+01,-2.137547109e+00,-2.918207660e-04,-4.585536571e-04
6.659400000e+03,-3.582637021e+01,1.949968784e+00,-5.984961946e-04,1.502047865e-03
6.659420000e+03,-3.937215254e+01,-1.890986848e+00,-3.383409237e-04,-1.020325824e-03
6.659440000e+03,-3.681303860e+01,-7.065485959e-01,1.097762631e-03,-9.369899441e-04
6.659460000e+03,-4.077343522e+01,-1.996725796e-01,8.966286640e-04,-1.814500107e-04
6.659480000e+03,-4.146185177e+01,-2.702044919e-02,8.447901702e-04,-2.283216676e-05
6.659500000e+03,-4.122657908e+01,1.296031327e-01,8.610202647e-04,1.122199468e-04
6.659520000e+03,-3.845630558e+01,1.856150301e+00,-3.362472109e-04,1.146193111e-03
6.659540000e+03,-3.665846786e+01,8.084004550e-01,1.014701837e-03,1.062490448e-03
6.659560000e+03,-3.906236437e+01,-3.866051518e-01,1.031772473e-03,-4.200262860e-04
6.659580000e+03,-4.194024708e+01,2.288668257e+00,-5.261026378e-04,6.024238164e-04
6.659600000e+03,-4.160578797e+01,-8.735235049e-02,8.280404683e-04,-7.251581746e-05
6.659620000e+03,-4.152291321e+01,-3.055620260e+00,-8.360791026e-04,-7.205734022e-05
6.659640000e+03,-3.614227931e+01,-2.117418804e+00,-8.104502247e-04,-1.331952807e-03
6.659660000e+03,-3.642376624e+01,-2.496352110e+00,-1.205963261e-03,-9.077543785e-04
6.659680000e+03,-4.348702918e+01,-1.356290391e+00,1.424794449e-04,-6.540025063e-04
6.659700000e+03,-4.207627931e+01,-2.686113124e+00,-7.071094538e-04,-3.463642755e-04
6.659720000e+03,-4.748930268e+01,1.363356026e+00,8.695785066e-05,4.131644099e-04
6.659740000e+03,-4.582642052e+01,2.169310635e+00,-2.880765351e-04,4.224256503e-04
6.659760000e+03,-3.913645910e+01,-2.127618070e+00,-5.837332274e-04,-9.376776599e-04
6.659780000e+03,-3.895341035e+01,-2.555739324e+00,-9.399394810e-04,-6.237124431e-04
6.659800000e+03,-4.313144224e+01,2.253686956e+00,-4.400311765e-04,5.409420179e-04
6.659820000e+03,-4.016754196e+01,3.098733925e+00,-9.799951096e-04,4.202708072e-05
6.659840000e+03,-4.026167598e+01,-6.395447006e-01,7.785554910e-04,-5.791178898e-04
6.659860000e+03,-4.750214587e+01,-3.913306654e-01,3.897209402e-04,-1.608032521e-04
6.659880000e+03,-4.288561903e+01,-1.663091876e+00,-6.611241862e-05,-7.142769814e-04
6.659900000e+03,-4.171126131e+01,2.379417071e-01,7.980407739e-04,1.935538099e-04
6.659920000e+03,-3.646876014e+01,7.003701988e-01,1.148149280e-03,9.677996149e-04
6.659940000e+03,-3.728608317e+01,2.045830379e+00,-6.251184400e-04,1.215438457e-03
6.659960000e+03,-4.084162003e+01,1.709969306e+00,-1.259131338e-04,8.988752025e-04
6.659980000e+03,-3.550003729e+01,-1.608092050e+00,-6.259742641e-05,-1.677629367e-03
6.660000000e+03,-4.382529208e+01,2.781555018e+00,-6.025002292e-04,2.268086927e-04
6.660020000e+03,-4.520851727e+01,2.613800734e+00,-4.742947092e-04,2.764923434e-04
6.660040000e+03,-4.551776635e+01,-2.756420697e+00,-4.909832809e-04,-1.990555369e-04
6.660060000e+03,-5.906718900e+01,-1.869799850e+00,-3.279640554e-05,-1.063972858e-04
6.660080000e+03,-4.826151834e+01,-2.482384994e+00,-3.053611272e-04,-2.366048232e-04
6.660100000e+03,-4.376953831e+01,-5.238718786e-02,6.470336522e-04,-3.392731607e-05
6.660120000e+03,-4.154376201e+01,-2.859892773e+00,-8.041690864e-04,-2.327230492e-04
6.660140000e+03,-4.120584418e+01,2.203533834e+00,-5.147018370e-04,7.018828132e-04
6.660160000e+03,-4.239048660e+01,-1.274701482e-01,7.532475471e-04,-9.654002506e-05
6.660180000e+03,-4.077023712e+01,-2.452452152e+00,-7.062994773e-04,-5.819146010e-04
6.660200000e+03,-4.218727585e+01,-1.635795257e+00,-5.049362717e-05,-7.757434973e-04
6.660220000e+03,-4.150042786e+01,2.095390223e+00,-4.214017178e-04,7.282146896e-04
6.660240000e+03,-3.879800138e+01,-5.839574346e-01,9.581104625e-04,-6.331570743e-04
6.660260000e+03,-4.491023544e+01,2.519707879e+00,-4.618088456e-04,3.310052878e-04
6.660280000e+03,-3.425913018e+01,1.964103259e+00,-7.421982456e-04,1.788748968e-03
6.660300000e+03,-4.146529108e+01,2.032922451e-01,8.273680350e-04,1.705535349e-04
6.660320000e+03,-4.287928921e+01,1.367534617e+00,1.449093743e-04,7.030748541e-04
6.660340000e+03,-3.542133287e+01,-2.460314503e+00,-1.315906104e-03,-1.066907113e-03
6.660360000e+03,-4.506519248e+01,3.999409579e-01,5.140905340e-04,2.173182138e-04
6.660380000e+03,-3.381910407e+01,1.530622155e+00,8.182290552e-05,2.035608399e-03
6.660400000e+03,-4.486783465e+01,-1.019534132e+00,2.990494238e-04,-4.863832258e-04
6.660420000e+03,-4.788069489e+01,-1.096107863e+00,1.844759605e-04,-3.589876822e-04
6.660440000e+03,-4.077315324e+01,-2.788679817e+00,-8.584527921e-04,-3.161964728e-04
6.660460000e+03,-3.768039772e+01,8.042385644e-01,9.059968824e-04,9.407953052e-04
6.660480000e+03,-4.264603839e+01,-1.613189756e-01,7.278173427e-04,-1.184399548e-04
6.660500000e+03,-5.558629148e+01,2.114337860e+00,-8.596448330e-05,1.422654889e-04
6.660520000e+03,-4.483228776e+01,2.183813125e+00,-3.298438121e-04,4.689152428e-04
6.660540000e+03,-4.682193079e+01,-2.946892292e+00,-4.473209646e-04,-8.821102179e-05
6.660560000e+03,-3.991276003e+01,-1.113353430e+00,4.461136412e-04,-9.062414036e-04
6.660580000e+03,-4.106087770e+01,-1.924595172e+00,-3.066295810e-04,-8.302105939e-04
6.660600000e+03,-3.673272832e+01,-1.532944853e+00,5.512424733e-05,-1.455634685e-03
6.660620000e+03,-3.808007024e+01,4.431650269e-01,1.126875936e-03,5.348748357e-04
6.660640000e+03,-3.616023593e+01,2.400374259e+00,-1.147721368e-03,1.050539475e-03
6.660660000e+03,-3.702637741e+01,1.832757668e+00,-3.647033652e-04,1.360210288e-03
6.660680000e+03,-3.616070977e+01,-2.622223580e+00,-1.350673962e-03,-7.722132225e-04
6.660700000e+03,-3.673775864e+01,-1.010491197e+00,7.736956322e-04,-1.233227374e-03
6.660720000e+03,-4.179417560e+01,-2.284588853e+00,-5.325213192e-04,-6.148179845e-04
6.660740000e+03,-4.183618925e+01,2.139318223e+00,-4.357979032e-04,6.821224440e-04
6.660760000e+03,-4.547993118e+01,-6.619180235e-02,5.309472140e-04,-3.519576978e-05
6.660780000e+03,-4.191561802e+01,-1.080517331e+00,3.776782712e-04,-7.075984962e-04
6.660800000e+03,-3.847034847e+01,2.382539249e+00,-8.651924076e-04,8.207659626e-04
6.660820000e+03,-6.444209164e+01,1.527201516e+00,2.613320292e-06,5.990769325e-05
6.660840000e+03,-3.923747242e+01,-9.051651612e-01,6.742213528e-04,-8.586973133e-04
6.660860000e+03,-5.072576102e+01,2.963652381e-02,2.907509857e-04,8.619372192e-06
6.660880000e+03,-3.913589351e+01,-2.394798382e+00,-8.106336156e-04,-7.503438579e-04
6.660900000e+03,-3.724194476e+01,-1.181262146e+00,5.216859737e-04,-1.270822508e-03
6.660920000e+03,-4.872734014e+01,-3.131491144e+00,-3.661093621e-04,-3.698383104e-06
6.660940000e+03,-3.917633465e+01,-1.639697286e+00,-7.569459303e-05,-1.096860959e-03
6.660960000e+03,-4.163732198e+01,6.089874930e-01,6.793104502e-04,4.737598191e-04
6.660980000e+03,-4.655375310e+01,1.063356900e+00,2.285050585e-04,4.109790017e-04
6.661000000e+03,-4.211879886e+01,8.466030758e-01,5.191185011e-04,5.868967204e-04
6.661020000e+03,-3.546519706e+01,2.927590137e+00,-1.647094783e-03,3.579637497e-04
6.661040000e+03,-4.295726894e+01,-3.816392454e-01,6.602530794e-04,-2.649692820e-04
6.661060000e+03,-3.569925026e+01,2.773029844e+00,-1.530549867e-03,5.911147110e-04
6.661080000e+03,-4.124852148e+01,1.107819461e+00,3.868172510e-04,7.749335208e-04
6.661100000e+03,-3.589598385e+01,-2.653672051e+00,-1.416816945e-03,-7.519332457e-04
6.661120000e+03,-3.610059078e+01,2.899727557e+00,-1.521044106e-03,3.752330593e-04
6.661140000e+03,-4.328880490e+01,-2.869807191e+00,-6.596570590e-04,-1.838340924e-04
6.661160000e+03,-3.615703952e+01,-2.515573428e+00,-1.261332029e-03,-9.119876517e-04
6.661180000e+03,-3.433711042e+01,-2.634648054e+00,-1.677919736e-03,-9.318397164e-04
6.661200000e+03,-4.571382712e+01,-9.159947637e-01,3.154476266e-04,-4.108414586e-04
6.661220000e+03,-3.922224421e+01,1.614855411e+00,-4.817067580e-05,1.092612403e-03
6.661240000e+03,-4.113661623e+01,-2.566997052e+00,-7.364519974e-04,-4.768316166e-04
6.661260000e+03,-4.327326098e+01,-1.911554498e+00,-2.292691873e-04,-6.465751750e-04
6.661280000e+03,-4.825845199e+01,-2.041253169e+00,-1.751688725e-04,-3.444539536e-04
6.661300000e+03,-3.659579132e+01,-9.344603486e-01,8.793899196e-04,-1.190191643e-03
6.661320000e+03,-4.493291290e+01,-2.741775168e+00,-5.220069077e-04,-2.205886848e-04
6.661340000e+03,-5.124276368e+01,-2.068714516e+00,-1.308952532e-04,-2.407922487e-04
6.661360000e+03,-4.220227281e+01,-1.535479576e+00,2.740165663e-05,-7.755601064e-04
6.661380000e+03,-4.646471391e+01,8.102172941e-01,3.274902956e-04,3.441635847e-04
6.661400000e+03,-6.756230782e+01,-1.464008806e+00,4.462511844e-06,-4.162973378e-05
6.661420000e+03,-4.058367415e+01,2.964884939e-01,8.942140172e-04,2.731760247e-04
6.661440000e+03,-4.302203788e+01,1.752000027e-01,6.953418712e-04,1.230858575e-04
6.661460000e+03,-4.447449956e+01,-2.504302709e+00,-4.801479353e-04,-3.554726900e-04
6.661480000e+03,-3.520678330e+01,2.138703440e+00,-9.339792768e-04,1.463871993e-03
6.661500000e+03,-3.783705804e+01,2.938657263e+00,-1.256441605e-03,2.585353180e-04
6.661520000e+03,-4.190012918e+01,-1.313247050e+00,2.046642418e-04,-7.770119510e-04
6.661540000e+03,-3.893129400e+01,3.128646556e+00,-1.130834123e-03,1.464070667e-05
6.661560000e+03,-4.109800515e+01,-8.640209535e-01,5.722712963e-04,-6.701561879e-04
6.661580000e+03,-4.428709930e+01,2.854334664e+00,-5.854295932e-04,1.729528991e-04
6.661600000e+03,-4.216114182e+01,-2.068907297e+00,-3.725280435e-04,-6.849802855e-04
6.661620000e+03,-4.324477543e+01,-1.842694029e+00,-1.848427423e-04,-6.629886603e-04
6.661640000e+03,-3.779335615e+01,-6.223757380e-01,1.047498243e-03,-7.515817465e-04
6.661660000e+03,-4.570567625e+01,-8.359019708e-01,3.476327292e-04,-3.846471253e-04
6.661680000e+03,-3.725678051e+01,1.355509389e+00,2.929669591e-04,1.339731638e-03
6.661700000e+03,-5.233394488e+01,-2.332628454e-01,2.351682611e-04,-5.587309350e-05
6.661720000e+03,-4.218198190e+01,-1.421733456e+00,1.155209830e-04,-7.692331204e-04
6.661740000e+03,-4.567892676e+01,2.417571671e-01,5.049362717e-04,1.245071370e-04
6.661760000e+03,-4.967339223e+01,-1.077753385e+00,1.554085032e-04,-2.892380108e-04
6.661780000e+03,-4.860781974e+01,2.747469765e+00,-3.427423052e-04,1.425405752e-04
6.661800000e+03,-3.362529341e+01,2.648269377e+00,-1.834825931e-03,9.865207690e-04
6.661820000e+03,-3.780704343e+01,-2.955834819e+00,-1.265060977e-03,-2.377357337e-04
6.661840000e+03,-4.984893940e+01,-2.753845395e+00,-2.978879482e-04,-1.216645780e-04
6.661860000e+03,-3.627444243e+01,1.107050801e+00,6.868753248e-04,1.373414433e-03
6.661880000e+03,-4.941712576e+01,7.994268362e-01,2.357489990e-04,2.424580493e-04
6.661900000e+03,-4.622141777e+01,-2.189539409e-01,4.769080295e-04,-1.061221995e-04
6.661920000e+03,-4.169534442e+01,-2.997423144e+00,-8.141486078e-04,-1.181954336e-04
6.661940000e+03,-4.469299048e+01,3.100037619e-01,5.548033133e-04,1.777210624e-04
6.661960000e+03,-4.006822233e+01,-1.629562099e+00,-5.827245774e-05,-9.904636733e-04
6.661980000e+03,-4.425004802e+01,-7.620752311e-01,4.434850384e-04,-4.232661919e-04
6.662000000e+03,-4.768004686e+01,1.675921157e+00,-4.334138216e-05,4.107650457e-04
6.662020000e+03,-4.410879374e+01,-4.238100846e-01,5.679768927e-04,-2.562429318e-04
6.662040000e+03,-4.565706667e+01,2.835535774e+00,-4.971421585e-04,1.570895865e-04
6.662060000e+03,-4.448613243e+01,3.429102167e-01,5.618791454e-04,2.005990769e-04
6.662080000e+03,-4.270318241e+01,-2.485052434e+00,-5.802640829e-04,-4.471375737e-04
6.662100000e+03,-4.382023436e+01,-4.975005874e-01,5.660665709e-04,-3.074089923e-04
6.662120000e+03,-4.296730678e+01,-1.533148057e-01,7.022801602e-04,-1.085215637e-04
6.662140000e+03,-4.206664344e+01,-1.952955208e+00,-2.939603264e-04,-7.313934652e-04
6.662160000e+03,-4.048237131e+01,7.161734507e-01,7.135739829e-04,6.210379925e-04
6.662180000e+03,-4.146309066e+01,9.825228456e-01,4.688999603e-04,7.029373109e-04
6.662200000e+03,-4.755886621e+01,2.262712893e+00,-2.672311031e-04,3.225234588e-04
6.662220000e+03,-3.887768094e+01,1.877618180e+00,-3.436898249e-04,1.084787725e-03
6.662240000e+03,-4.076015762e+01,2.050945467e+00,-4.232050616e-04,8.126050677e-04
6.662260000e+03,-5.498895038e+01,-2.995464613e-01,1.701256228e-04,-5.254149219e-05
6.662280000e+03,-4.408154751e+01,-1.290847679e+00,1.727083779e-04,-6.007274506e-04
6.662300000e+03,-4.444924386e+01,1.309973767e+00,1.545068313e-04,5.788886512e-04
6.662320000e+03,-4.888444156e+01,-1.968667277e+00,-1.393159520e-04,-3.314790476e-04
6.662340000e+03,-4.206903851e+01,-4.718956136e-01,7.019133784e-04,-3.582235535e-04
6.662360000e+03,-4.794166350e+01,-1.625541844e+00,-2.193049485e-05,-4.001895039e-04
6.662380000e+03,-5.145336326e+01,2.072240409e+00,-1.285875844e-04,2.345722407e-04
6.662400000e+03,-5.463841880e+01,4.781735395e-01,1.645933307e-04,8.530733258e-05
6.662420000e+03,-3.577449805e+01,6.756374845e-01,1.269233120e-03,1.017254027e-03
6.662440000e+03,-4.525035520e+01,-9.850435080e-01,3.020448085e-04,-4.552831861e-04
6.662460000e+03,-4.560328914e+01,-2.272960883e+00,-3.388299661e-04,-4.005104380e-04
6.662480000e+03,-5.604635720e+01,-2.822601136e+00,-1.496928202e-04,-4.943912950e-05
6.662500000e+03,-4.029619382e+01,-7.425048326e-01,7.120762906e-04,-6.534676162e-04
6.662520000e+03,-5.550714615e+01,2.246390985e+00,-1.048995935e-04,1.308952532e-04
6.662540000e+03,-3.398475648e+01,3.925737776e-01,1.846715775e-03,7.646636305e-04
6.662560000e+03,-4.457976107e+01,7.212536438e-01,4.432405172e-04,3.897362228e-04
6.662580000e+03,-3.842799800e+01,2.856382503e+00,-1.149983189e-03,3.371794480e-04
6.662600000e+03,-4.226057608e+01,-2.960045698e+00,-7.581838188e-04,-1.391784088e-04
6.662620000e+03,-3.858225156e+01,1.314184204e+00,2.988049026e-04,1.138750497e-03
6.662640000e+03,-3.876223992e+01,2.472452467e+00,-9.044839074e-04,7.153161965e-04
6.662660000e+03,-5.507413467e+01,-1.114746354e+00,7.765076260e-05,-1.582969099e-04
6.662680000e+03,-3.711050738e+01,-2.597407146e+00,-1.193217593e-03,-7.220558120e-04
6.662700000e+03,-4.248056627e+01,-9.575366263e-01,4.325579974e-04,-6.146193111e-04
6.662720000e+03,-4.461686322e+01,-1.836715394e+00,-1.544457010e-04,-5.670446557e-04
6.662740000e+03,-4.117290751e+01,-1.794276805e+00,-1.936302228e-04,-8.519576978e-04
6.662760000e+03,-5.861722641e+01,-2.061842326e+00,-5.529235566e-05,-1.034019012e-04
6.662780000e+03,-3.954853763e+01,5.070167712e-01,9.208362625e-04,5.114772137e-04
6.662800000e+03,-3.625931612e+01,-9.942207738e-01,8.386007275e-04,-1.289589510e-03
6.662820000e+03,-4.424789679e+01,2.091507533e-01,5.998410612e-04,1.273191307e-04
6.662840000e+03,-4.584031330e+01,2.194612513e-01,4.982425039e-04,1.111348840e-04
6.662860000e+03,-3.947125342e+01,8.480243813e-01,7.029831586e-04,7.970474065e-04
6.662880000e+03,-5.169806927e+01,1.421752381e+00,3.861906654e-05,2.571904514e-04
6.662900000e+03,-3.937151652e+01,2.454935936e+00,-8.314026347e-04,6.815264236e-04
6.662920000e+03,-4.366010281e+01,-1.041625199e-01,6.525812269e-04,-6.822141394e-05
6.662940000e+03,-4.087786438e+01,8.685741456e-01,5.838249228e-04,6.900235352e-04
6.662960000e+03,-4.468271828e+01,-1.508126185e-01,5.766421127e-04,-8.763028395e-05
6.662980000e+03,-4.572766204e+01,1.064501505e+00,2.507870526e-04,4.522725189e-04
6.663000000e+03,-4.231264375e+01,-2.033248714e+00,-3.418559159e-04,-6.857596968e-04
6.663020000e+03,-5.026587445e+01,1.797669873e+00,-6.898554268e-05,2.988354678e-04
6.663040000e+03,-5.042779018e+01,1.274622747e+00,8.785952257e-05,2.879237094e-04
6.663060000e+03,-4.500041096e+01,-6.580635819e-01,4.448910352e-04,-3.439037809e-04
6.663080000e+03,-4.277370389e+01,-1.795798056e+00,-1.621175536e-04,-7.083167772e-04
6.663100000e+03,-3.422629985e+01,-1.854573140e+00,-5.442736192e-04,-1.866201058e-03
6.663120000e+03,-4.389568422e+01,-4.917353412e-01,5.629183605e-04,-3.015099184e-04
6.663140000e+03,-4.477919638e+01,5.388155467e-01,4.950942935e-04,2.959776263e-04
6.663160000e+03,-4.639478830e+01,3.059522037e+00,-4.773053764e-04,3.926093468e-05
6.663180000e+03,-4.093403679e+01,-1.632183331e+00,-5.509368218e-05,-8.963535777e-04
6.663200000e+03,-4.898235965e+01,2.651625213e+00,-3.137054131e-04,1.673136290e-04
6.663220000e+03,-4.367078781e+01,2.822179836e+00,-6.221841856e-04,2.057798698e-04
6.663240000e+03,-4.166907168e+01,4.466343896e-01,7.442308280e-04,3.564202097e-04
6.663260000e+03,-4.125583428e+01,-1.233938988e+00,2.860286701e-04,-8.167466455e-04
6.663280000e+03,-4.343170311e+01,-2.567861490e+00,-5.657609194e-04,-3.656203197e-04
6.663300000e+03,-4.114986494e+01,3.509828947e-01,8.225998716e-04,3.011889843e-04
6.663320000e+03,-4.589471677e+01,2.282252305e+00,-3.312345264e-04,3.842344958e-04
6.663340000e+03,-4.365835527e+01,-1.632732872e+00,-4.062108384e-05,-6.550111563e-04
6.663360000e+03,-3.548433793e+01,-7.818899019e-01,1.193400984e-03,-1.185056698e-03
6.663380000e+03,-4.123712117e+01,1.616241211e+00,-3.939847786e-05,8.663538833e-04
6.663400000e+03,-3.799421709e+01,2.401682818e+00,-9.303725892e-04,8.493596601e-04
6.663420000e+03,-3.653562694e+01,2.996201832e-01,1.423724669e-03,4.398172204e-04
6.663440000e+03,-4.675697787e+01,7.485260667e-01,3.365681450e-04,3.126203503e-04
6.663460000e+03,-5.986722486e+01,-8.322421984e-01,6.835895712e-05,-7.508329003e-05
6.663480000e+03,-3.904592081e+01,2.926298074e+00,-1.090335300e-03,2.384387322e-04
6.663500000e+03,-4.080495099e+01,-3.051383605e+00,-9.077849436e-04,-8.211327444e-05
6.663520000e+03,-5.710893374e+01,1.498864408e+00,1.002536907e-05,1.391325611e-04
6.663540000e+03,-4.397046653e+01,-5.222240318e-01,5.487208485e-04,-3.157991258e-04
6.663560000e+03,-3.733250679e+01,1.698871399e+00,-1.736406150e-04,1.348351010e-03
6.663580000e+03,-3.851614946e+01,-6.525757468e-01,9.425375187e-04,-7.203594462e-04
6.663600000e+03,-4.206031918e+01,-1.298095824e+00,2.124583550e-04,-7.596815111e-04
6.663620000e+03,-4.848916264e+01,3.057385666e+00,-3.749732555e-04,3.165021243e-05
6.663640000e+03,-4.627818860e+01,-6.119666393e-01,3.973010973e-04,-2.788458600e-04
6.663660000e+03,-5.399528683e+01,-1.676482670e+00,-2.105938809e-05,-1.985206468e-04
6.663680000e+03,-4.947917674e+01,-2.489898738e+00,-2.669560167e-04,-2.036555919e-04
6.663700000e+03,-4.092854938e+01,-2.468570160e+00,-7.026622245e-04,-5.601522144e-04
6.663720000e+03,-3.456927302e+01,9.785543749e-01,1.043142709e-03,1.550432497e-03
6.663740000e+03,-4.674303809e+01,-1.087644790e-01,4.573768989e-04,-4.994345447e-05
6.663760000e+03,-4.757158761e+01,-1.916791979e+00,-1.418375768e-04,-3.934498884e-04
6.663780000e+03,-4.051063582e+01,-2.955951983e+00,-9.267047712e-04,-1.740379619e-04
6.663800000e+03,-3.612958529e+01,-2.379270724e+00,-1.129275300e-03,-1.078323196e-03
6.663820000e+03,-3.705513142e+01,1.988090913e+00,-5.688632821e-04,1.283155546e-03
6.663840000e+03,-3.642091135e+01,-3.611707216e-01,1.412507259e-03,-5.335605343e-04
6.663860000e+03,-4.120864654e+01,1.982436384e+00,-3.481370541e-04,7.974141883e-04
6.663880000e+03,-3.999306249e+01,2.834575502e-01,9.608613259e-04,2.799003576e-04
6.663900000e+03,-4.028677539e+01,2.789312926e+00,-9.081058777e-04,3.338325641e-04
6.663920000e+03,-3.461865861e+01,2.477350205e+00,-1.463031452e-03,1.145444264e-03
6.663940000e+03,-3.790711530e+01,2.191855588e+00,-7.404407495e-04,1.034844271e-03
6.663960000e+03,-3.750486134e+01,2.500329852e+00,-1.068007458e-03,7.972766452e-04
6.663980000e+03,-5.854187969e+01,-2.986045381e+00,-1.168505670e-04,-1.832380720e-05
6.664000000e+03,-4.050582390e+01,1.844042759e+00,-2.545924137e-04,9.084268117e-04
6.664020000e+03,-4.408016554e+01,-1.399201337e+00,1.067487850e-04,-6.159794602e-04
6.664040000e+03,-5.192750643e+01,-2.432508281e+00,-1.922395085e-04,-1.649295473e-04
6.664060000e+03,-3.750388503e+01,1.135389621e+00,5.622000795e-04,1.208561298e-03
6.664080000e+03,-4.565858385e+01,4.585997956e-01,4.674175505e-04,2.307668796e-04
6.664100000e+03,-3.601863880e+01,-1.212804924e+00,5.541461625e-04,-1.481232998e-03
6.664120000e+03,-5.075402936e+01,-9.075063655e-01,1.785157563e-04,-2.284592108e-04
6.664140000e+03,-3.910511314e+01,3.404530094e-02,1.107879696e-03,3.773267720e-05
6.664160000e+03,-5.208146624e+01,8.950962535e-01,1.556377418e-04,1.941651129e-04
6.664180000e+03,-3.863151872e+01,1.277605186e+00,3.383256411e-04,1.120686493e-03
6.664200000e+03,-3.778410902e+01,1.068883807e+00,6.209157319e-04,1.131430143e-03
6.664220000e+03,-3.811847529e+01,-8.680978629e-01,8.025949812e-04,-9.476724639e-04
6.664240000e+03,-3.710406486e+01,1.211547635e+00,4.906929119e-04,1.306614298e-03
6.664260000e+03,-4.457606339e+01,1.422911013e+00,8.700369838e-05,5.840235963e-04
6.664280000e+03,-4.516396800e+01,2.795817148e+00,-5.191643488e-04,1.870281505e-04
6.664300000e+03,-4.085022672e+01,-1.974493059e+00,-3.561909711e-04,-8.338631293e-04
6.664320000e+03,-4.193971237e+01,-4.048089955e-01,7.352141089e-04,-3.150197145e-04
6.664340000e+03,-3.905586811e+01,-8.975625844e-01,6.951126326e-04,-8.715805239e-04
6.664360000e+03,-5.172957534e+01,2.074148543e+00,-1.249961794e-04,2.269920836e-04
6.664380000e+03,-5.453370727e+01,-2.040564840e-01,1.837423969e-04,-3.802304612e-05
6.664400000e+03,-4.156377632e+01,7.679574794e-02,8.327780664e-04,6.407983617e-05
6.664420000e+03,-3.517808718e+01,-2.008861362e-01,1.707155302e-03,-3.476327292e-04
6.664440000e+03,-4.577313637e+01,2.645470289e+00,-4.524253446e-04,2.448879787e-04
6.664460000e+03,-4.204682035e+01,2.234791492e+00,-4.868875508e-04,6.221994682e-04
6.664480000e+03,-4.518899443e+01,-3.848284553e-01,5.099948039e-04,-2.065592811e-04
6.664500000e+03,-4.284165862e+01,1.785972835e+00,-1.539413760e-04,7.043433078e-04
6.664520000e+03,-4.022889697e+01,7.213363414e-01,7.313934652e-04,6.432130085e-04
6.664540000e+03,-3.693523119e+01,-1.520925880e+00,7.094171226e-05,-1.421340587e-03
6.664560000e+03,-4.220218353e+01,3.379424626e-01,7.321575939e-04,2.572974295e-04
6.664580000e+03,-3.953566288e+01,-1.032963201e+00,5.404071278e-04,-9.059815998e-04
6.664600000e+03,-4.151114895e+01,-3.138719151e+00,-8.403123758e-04,-2.414646820e-06
6.664620000e+03,-4.106633425e+01,-2.030193903e+00,-3.921814347e-04,-7.927682856e-04
6.664640000e+03,-4.514635165e+01,-2.247082543e+00,-3.460891891e-04,-4.312436959e-04
6.664660000e+03,-4.062133799e+01,2.353722035e+00,-6.566616744e-04,6.599168628e-04
6.664680000e+03,-4.630163137e+01,1.017360592e+00,2.544395880e-04,4.118195434e-04
6.664700000e+03,-4.499706133e+01,2.728399742e+00,-5.151908794e-04,2.258764557e-04
6.664720000e+03,-3.894322177e+01,-2.422389674e+00,-8.496653116e-04,-7.440168720e-04
6.664740000e+03,-3.663146868e+01,-2.488574008e+00,-1.170538252e-03,-8.954366232e-04
6.664760000e+03,-4.605689143e+01,-3.835784503e-01,4.617324327e-04,-1.863404346e-04
6.664780000e+03,-4.458635287e+01,-5.132321615e-01,5.137848825e-04,-2.895742275e-04
6.664800000e+03,-3.940404159e+01,-1.047652060e+00,5.350887918e-04,-9.277745515e-04
6.664820000e+03,-3.958255657e+01,4.773792870e-01,9.319314118e-04,4.820735397e-04
6.664840000e+03,-4.809446394e+01,-1.200883613e+00,1.423724669e-04,-3.671638598e-04
6.664860000e+03,-3.955005969e+01,-3.606321096e-01,9.854204236e-04,-3.716263716e-04
6.664880000e+03,-4.029370876e+01,-1.254824340e-01,9.591496775e-04,-1.209921448e-04
6.664900000e+03,-5.488793336e+01,1.849831387e-01,1.770639117e-04,3.313262218e-05
6.664920000e+03,-3.681885538e+01,-1.647820146e+00,-1.109820583e-04,-1.438029159e-03
6.664940000e+03,-4.420090381e+01,-8.078005302e-01,4.260781857e-04,-4.456093163e-04
6.664960000e+03,-5.551415481e+01,1.532125953e+00,6.479811719e-06,1.674817373e-04
6.664980000e+03,-4.629732486e+01,1.459847117e-01,4.791698505e-04,7.045266987e-05
6.665000000e+03,-5.430027515e+01,1.900219365e+00,-6.235290522e-05,1.823822478e-04
6.665020000e+03,-4.257619651e+01,-1.616597692e+00,-3.403429410e-05,-7.425650274e-04
6.665040000e+03,-4.072214302e+01,2.048466741e+00,-4.230369533e-04,8.172204053e-04
6.665060000e+03,-3.954224897e+01,-2.009096376e+00,-4.473668124e-04,-9.544732096e-04
6.665080000e+03,-4.069461734e+01,-2.251750136e+00,-5.811504722e-04,-7.172570835e-04
6.665100000e+03,-4.138070952e+01,2.669900798e+00,-7.598801846e-04,3.876119449e-04
6.665120000e+03,-4.901641639e+01,-6.421633458e-01,2.835987407e-04,-2.121068558e-04
6.665140000e+03,-4.892725109e+01,2.081566389e+00,-1.749090687e-04,3.121313079e-04
6.665160000e+03,-4.612185626e+01,9.945941593e-02,4.917626922e-04,4.907234771e-05
6.665180000e+03,-4.528760113e+01,-2.074593343e+00,-2.626310481e-04,-4.764342696e-04
6.665200000e+03,-4.150306317e+01,-2.752755666e+00,-7.783109698e-04,-3.188709234e-04
6.665220000e+03,-5.150575161e+01,1.668314617e+00,-2.588868173e-05,2.646330654e-04
6.665240000e+03,-4.987496453e+01,-8.925512996e-01,2.012867928e-04,-2.498089678e-04
6.665260000e+03,-4.127140448e+01,7.781533423e-02,8.612189382e-04,6.715163371e-05
6.665280000e+03,-5.769953810e+01,-2.728416742e+00,-1.193569093e-04,-5.232753614e-05
6.665300000e+03,-4.371403101e+01,2.719777432e+00,-5.949200721e-04,2.669712993e-04
6.665320000e+03,-3.792266444e+01,6.691075272e-01,9.963016169e-04,7.878778617e-04
6.665340000e+03,-4.537656703e+01,-2.657166276e+00,-4.765259651e-04,-2.507717700e-04
6.665360000e+03,-3.927643005e+01,2.522737452e+00,-8.853042761e-04,6.304979063e-04
6.665380000e+03,-3.655185037e+01,2.818909552e+00,-1.410566372e-03,4.716508237e-04
6.665400000e+03,-3.877921462e+01,9.546050383e-01,6.651435034e-04,9.392364826e-04
6.665420000e+03,-3.800678340e+01,1.493903305e+00,9.663172051e-05,1.254225632e-03
6.665440000e+03,-3.532860377e+01,-5.645455160e-01,1.446572118e-03,-9.161139469e-04
6.665460000e+03,-3.273497503e+01,-1.641378711e+00,-1.627747043e-04,-2.302335177e-03
6.665480000e+03,-3.938482720e+01,-2.626557709e+00,-9.341473852e-04,-5.287159581e-04
6.665500000e+03,-4.767102085e+01,2.108713250e-01,4.043157991e-04,8.654522114e-05
6.665520000e+03,-4.287372883e+01,-2.938071826e+00,-7.034874836e-04,-1.451844607e-04
6.665540000e+03,-4.698082338e+01,-2.434025378e+00,-3.402053978e-04,-2.909802243e-04
6.665560000e+03,-3.799764764e+01,-1.800391178e-01,1.238912492e-03,-2.254943913e-04
6.665580000e+03,-3.927211901e+01,2.930682876e+00,-1.063315707e-03,2.276492343e-04
6.665600000e+03,-4.491704578e+01,2.500901827e+00,-4.551456429e-04,3.393648562e-04
6.665620000e+03,-3.512637044e+01,-2.553858502e+00,-1.458507809e-03,-9.717730843e-04
6.665640000e+03,-4.750920055e+01,-1.144132804e+00,1.743283308e-04,-3.834856497e-04
6.665660000e+03,-4.731719575e+01,-2.441461206e+00,-3.293547697e-04,-2.774857108e-04
6.665680000e+03,-4.448016433e+01,2.368521220e+00,-4.273313568e-04,4.169239233e-04
6.665700000e+03,-4.024736000e+01,-1.791945091e+00,-2.131919186e-04,-9.482532017e-04
6.665720000e+03,-4.963496126e+01,-2.935836237e+00,-3.228443928e-04,-6.738087233e-05
6.665740000e+03,-4.661406170e+01,-2.151165352e+00,-2.560595409e-04,-3.905156341e-04
6.665760000e+03,-3.937183386e+01,-1.082077496e+00,5.047070330e-04,-9.491548736e-04
6.665780000e+03,-4.513644981e+01,2.721961185e+00,-5.055475747e-04,2.255402390e-04
6.665800000e+03,-4.090967662e+01,5.284286902e-01,7.777302320e-04,4.540452976e-04
6.665820000e+03,-3.811414978e+01,-2.146275362e+00,-6.762080875e-04,-1.042363297e-03
6.665840000e+03,-3.861030499e+01,1.439879908e+00,1.531925299e-04,1.163462420e-03
6.665860000e+03,-4.089821550e+01,-6.901271940e-01,6.954030015e-04,-5.740899227e-04
6.665880000e+03,-4.555550682e+01,-1.452898860e+00,6.204725372e-05,-5.238408167e-04
6.665900000e+03,-4.235886553e+01,-1.676885469e+00,-8.070727756e-05,-7.578934499e-04
6.665920000e+03,-4.371181005e+01,2.667000428e-01,6.291836049e-04,1.718984014e-04
6.665940000e+03,-3.787032437e+01,2.238051221e+00,-7.907815509e-04,1.003790079e-03
6.665960000e+03,-3.666906547e+01,1.514067882e+00,8.319833726e-05,1.465033469e-03
6.665980000e+03,-4.661333964e+01,-1.593410389e+00,-1.056025919e-05,-4.668979430e-04
6.666000000e+03,-3.957641638e+01,1.138404816e+00,4.399853287e-04,9.533422991e-04
6.666020000e+03,-4.555859343e+01,1.146936770e+00,2.168750191e-04,4.806522603e-04
6.666040000e+03,-3.984043510e+01,-2.037289050e+00,-4.580951799e-04,-9.097105480e-04
6.666060000e+03,-3.911817349e+01,-2.484955009e+00,-8.766849039e-04,-6.756884800e-04
6.666080000e+03,-3.693022038e+01,1.703118776e+00,-1.878686921e-04,1.411483327e-03
6.666100000e+03,-3.796059908e+01,2.164677706e+00,-7.076749091e-04,1.048109545e-03
6.666120000e+03,-4.650330480e+01,-2.497729652e+00,-3.782742917e-04,-2.839196748e-04
6.666140000e+03,-3.742415880e+01,-1.148475228e-01,1.336354189e-03,-1.541553321e-04
6.666160000e+03,-4.069753211e+01,9.871938822e-01,5.085123942e-04,7.700889446e-04
6.666180000e+03,-4.829760935e+01,2.417104615e+00,-2.880765351e-04,2.549591955e-04
6.666200000e+03,-4.171949949e+01,-2.873827702e+00,-7.911636152e-04,-2.170584100e-04
6.666220000e+03,-4.801759535e+01,-3.104349019e+00,-3.970260109e-04,-1.479353241e-05
6.666240000e+03,-4.082759906e+01,-2.552429125e+00,-7.558455849e-04,-5.051655103e-04
6.666260000e+03,-4.309206268e+01,2.332665972e+00,-4.835253844e-04,5.068313109e-04
6.666280000e+03,-3.702503126e+01,-5.658096450e-01,1.188969038e-03,-7.550814561e-04
6.666300000e+03,-4.181087501e+01,-2.342243641e+00,-5.659748754e-04,-5.819910138e-04
6.666320000e+03,-4.699230378e+01,-3.074303686e+00,-4.460677935e-04,-3.006082465e-05
6.666340000e+03,-3.779554350e+01,-5.952933429e-01,1.067197481e-03,-7.227588104e-04
6.666360000e+03,-3.725751720e+01,-3.877415449e-01,1.269477642e-03,-5.184766329e-04
6.666380000e+03,-4.486291261e+01,-2.941935924e+00,-5.599382584e-04,-1.133050096e-04
6.666400000e+03,-3.927467277e+01,-5.706514305e-02,1.085322615e-03,-6.200140600e-05
6.666420000e+03,-4.061122040e+01,1.744589926e+00,-1.611700339e-04,9.180089862e-04
6.666440000e+03,-3.737110110e+01,-2.134077918e+00,-7.226976801e-04,-1.144359202e-03
6.666460000e+03,-5.425757040e+01,1.239714240e+00,6.296420821e-05,1.831769417e-04
6.666480000e+03,-4.546174274e+01,3.001211499e+00,-5.279823945e-04,7.460953021e-05
6.666500000e+03,-4.810955778e+01,-9.900501300e-01,2.156829783e-04,-3.286670538e-04
6.666520000e+03,-3.884676363e+01,2.846641656e+00,-1.092673534e-03,3.319680900e-04
6.666540000e+03,-4.536669090e+01,-1.068915645e+00,2.593452945e-04,-4.726136259e-04
6.666560000e+03,-3.899783743e+01,2.176146353e+00,-6.386435187e-04,9.228688449e-04
6.666580000e+03,-3.960518391e+01,-2.304974775e+00,-7.011339671e-04,-7.769049729e-04
6.666600000e+03,-4.116480600e+01,2.457896890e+00,-6.779503011e-04,5.523886664e-04
6.666620000e+03,-4.025153730e+01,7.220606404e-01,7.290246661e-04,6.420668154e-04
6.666640000e+03,-4.022527559e+01,-3.084816990e+00,-9.728275820e-04,-5.529235566e-05
6.666660000e+03,-4.457867751e+01,-2.584557604e+00,-5.010544977e-04,-3.120701776e-04
6.666680000e+03,-4.801780545e+01,-2.194685770e+00,-2.320964636e-04,-3.224470459e-04
6.666700000e+03,-4.144106554e+01,1.835295230e+00,-2.214597915e-04,8.176636000e-04
6.666720000e+03,-4.041050199e+01,1.919697373e+00,-3.260842987e-04,8.963688602e-04
6.666740000e+03,-4.672745941e+01,2.361493137e+00,-3.276431213e-04,3.241892594e-04
6.666760000e+03,-4.337580895e+01,6.649399232e-01,5.335299691e-04,4.183146377e-04
6.666780000e+03,-5.653825421e+01,1.855521962e+00,-4.184368982e-05,1.429684873e-04
6.666800000e+03,-4.169644122e+01,-1.323105030e+00,2.016688572e-04,-7.974753186e-04
6.666820000e+03,-4.992764236e+01,-1.943720012e+00,-1.161781337e-04,-2.969557111e-04
6.666840000e+03,-3.838766259e+01,1.342425675e-01,1.193141180e-03,1.611394688e-04
6.666860000e+03,-4.751584849e+01,5.039423388e-01,3.686004218e-04,2.032582449e-04
6.666880000e+03,-4.696930849e+01,-1.550987147e+00,8.879175964e-06,-4.481767888e-04
6.666900000e+03,-3.637491659e+01,-5.362427354e-01,1.304872085e-03,-7.755295412e-04
6.666920000e+03,-4.693936958e+01,2.243595246e+00,-2.803129871e-04,3.517895895e-04
6.666940000e+03,-3.831508805e+01,-3.075433107e+00,-1.211419140e-03,-8.026408289e-05
6.666960000e+03,-3.656208930e+01,-1.432253262e-01,1.470367087e-03,-2.120457255e-04
6.666980000e+03,-4.341432900e+01,1.673336730e-01,6.655408503e-04,1.124186203e-04
6.667000000e+03,-3.990903289e+01,-8.226533823e-01,6.874407800e-04,-7.406699881e-04
6.667020000e+03,-4.367716712e+01,-2.419985457e+00,-4.916251490e-04,-4.325885625e-04
6.667040000e+03,-4.366021405e+01,-2.510953755e+00,-5.299232815e-04,-3.868936638e-04
6.667060000e+03,-3.505988396e+01,-2.689090741e+00,-1.588318000e-03,-7.721520922e-04
6.667080000e+03,-4.398449561e+01,-1.873691292e+00,-1.885411254e-04,-6.033102057e-04
6.667100000e+03,-3.647815680e+01,-6.437721192e-01,1.199758535e-03,-9.003270471e-04
6.667120000e+03,-3.705991618e+01,-2.574581859e+00,-1.183299202e-03,-7.534767858e-04
6.667140000e+03,-3.473463345e+01,2.904904830e+00,-1.782330287e-03,4.299141119e-04
6.667160000e+03,-4.118097324e+01,-1.370083836e+00,1.740226793e-04,-8.553504294e-04
6.667180000e+03,-4.175129089e+01,-1.106931323e+00,3.657120152e-04,-7.310266834e-04
6.667200000e+03,-3.902518084e+01,-2.087091188e-01,1.094492160e-03,-2.318060947e-04
6.667220000e+03,-3.483288860e+01,-5.770622592e-01,1.519271327e-03,-9.890118287e-04
6.667240000e+03,-3.683681369e+01,2.146418397e+00,-7.835070453e-04,1.207384540e-03
6.667260000e+03,-5.579340802e+01,-1.827947507e+00,-4.127823456e-05,-1.569673259e-04
6.667280000e+03,-4.337979629e+01,-1.611559199e+00,-2.761561268e-05,-6.770944769e-04
6.667300000e+03,-4.689564487e+01,-1.995792756e+00,-1.864015649e-04,-4.118653911e-04
6.667320000e+03,-3.665601277e+01,-2.672285193e+00,-1.310710028e-03,-6.646544610e-04
6.667340000e+03,-4.002377309e+01,4.735495437e-02,9.961487911e-04,4.720787358e-05
6.667360000e+03,-3.509557762e+01,-1.754932090e+00,-3.220344164e-04,-1.729085796e-03
6.667380000e+03,-3.693670108e+01,-5.088772067e-01,1.242580310e-03,-6.932175933e-04
6.667400000e+03,-3.477498410e+01,2.348111573e+00,-1.279961488e-03,1.300822203e-03
6.667420000e+03,-3.374322215e+01,3.372503631e-01,1.939358743e-03,6.800287312e-04
6.667440000e+03,-4.488318119e+01,-2.509594845e+00,-4.598679586e-04,-3.367056882e-04
6.667460000e+03,-4.398428679e+01,2.085306208e+00,-3.110615276e-04,5.502643885e-04
6.667480000e+03,-4.970225954e+01,-2.115020039e+00,-1.694379069e-04,-2.799767705e-04
6.667500000e+03,-5.012757942e+01,-2.439206127e+00,-2.378579943e-04,-2.013173579e-04
6.667520000e+03,-3.654671322e+01,3.596564756e-01,1.392991411e-03,5.237796864e-04
6.667540000e+03,-5.642950522e+01,-1.703093447e+00,-1.989791240e-05,-1.495247119e-04
6.667560000e+03,-3.857725273e+01,3.670341167e-01,1.099520127e-03,4.227160192e-04
6.667580000e+03,-3.773207462e+01,2.020346497e+00,-5.642173793e-04,1.169361494e-03
6.667600000e+03,-3.749111021e+01,2.825515237e+00,-1.268759361e-03,4.149371886e-04
6.667620000e+03,-3.926467820e+01,1.078383292e+00,5.145184461e-04,9.590426995e-04
6.667640000e+03,-4.440707617e+01,5.588172571e-01,5.104838463e-04,3.192071400e-04
6.667660000e+03,-4.134177588e+01,2.483041381e+00,-6.776752147e-04,5.243757068e-04
6.667680000e+03,-3.791188590e+01,-2.150170007e+00,-6.962893908e-04,-1.064217379e-03
6.667700000e+03,-3.900233083e+01,-1.521974818e+00,5.474218296e-05,-1.120380842e-03
6.667720000e+03,-4.080107076e+01,5.937877504e-02,9.102912859e-04,5.411559740e-05
6.667740000e+03,-3.657463718e+01,-2.651758953e+00,-1.308998380e-03,-6.979246263e-04
6.667760000e+03,-3.619222154e+01,5.064703614e-01,1.355594951e-03,7.519943760e-04
6.667780000e+03,-3.274655052e+01,2.382344496e-01,2.239905859e-03,5.439526851e-04
6.667800000e+03,-3.500274214e+01,2.110987306e+00,-9.142800379e-04,1.524589663e-03
6.667820000e+03,-4.667101276e+01,2.408931810e+00,-3.448818657e-04,3.102973989e-04
6.667840000e+03,-3.660400366e+01,1.752086615e+00,-2.665586698e-04,1.454198123e-03
6.667860000e+03,-3.584342332e+01,-3.019633961e+00,-1.601736100e-03,-1.963199560e-04
6.667880000e+03,-3.424570134e+01,-2.438538521e+00,-1.479674176e-03,-1.254057524e-03
6.667900000e+03,-3.756817209e+01,2.614732927e+00,-1.143671486e-03,6.652810466e-04
6.667920000e+03,-3.610032242e+01,1.820322242e-02,1.566433353e-03,2.851728459e-05
6.667940000e+03,-3.523618770e+01,-3.057986502e-01,1.650288841e-03,-5.209982578e-04
6.667960000e+03,-3.531753617e+01,-2.412517788e+00,-1.278616621e-03,-1.142127946e-03
6.667980000e+03,-4.137113967e+01,-2.858209434e+00,-8.199101385e-04,-2.387749488e-04
6.668000000e+03,-5.132374768e+01,-1.164973346e+00,1.071919797e-04,-2.494727512e-04
6.668020000e+03,-3.938283378e+01,3.012728413e+00,-1.064736987e-03,1.379710854e-04
6.668040000e+03,-4.549984059e+01,-1.056984600e+00,2.609346823e-04,-4.623437357e-04
6.668060000e+03,-4.007505314e+01,-2.027970530e+00,-4.376165296e-04,-8.895833970e-04
6.668080000e+03,-4.612661132e+01,9.363175854e-01,2.927835682e-04,3.978054223e-04
6.668100000e+03,-3.648491767e+01,1.972544513e+00,-5.860867439e-04,1.379496898e-03
6.668120000e+03,-7.070973390e+01,-1.614862270e+00,-1.283736284e-06,-2.911330501e-05
6.668140000e+03,-4.006289510e+01,-1.998439234e-01,9.730262555e-04,-1.970840847e-04
6.668160000e+03,-3.940442760e+01,2.663515636e+00,-9.508970871e-04,4.927254944e-04
6.668180000e+03,-6.191929663e+01,1.531137620e+00,3.178775560e-06,8.011125714e-05
6.668200000e+03,-3.820106948e+01,1.070409504e+00,5.901671914e-04,1.079301281e-03
6.668220000e+03,-4.567879762e+01,2.325629617e-01,5.060671822e-04,1.198612342e-04
6.668240000e+03,-4.169126319e+01,-1.750551842e+00,-1.471559128e-04,-8.098083565e-04
6.668260000e+03,-3.748107564e+01,1.998602086e+00,-5.544518140e-04,1.215988630e-03
6.668280000e+03,-3.887530467e+01,-1.188352707e+00,4.247791668e-04,-1.056010637e-03
6.668300000e+03,-3.868945317e+01,1.779146073e+00,-2.405324449e-04,1.137711282e-03
6.668320000e+03,-4.404256799e+01,1.121234746e+00,2.728550906e-04,5.654858331e-04
6.668340000e+03,-4.481510729e+01,-2.145428316e+00,-3.122230033e-04,-4.821805178e-04
6.668360000e+03,-3.894465923e+01,-7.887668296e-01,7.957636703e-04,-8.011431366e-04
6.668380000e+03,-4.092144743e+01,2.391384113e+00,-6.579148455e-04,6.131674665e-04
6.668400000e+03,-4.485441463e+01,-1.327146424e+00,1.379558028e-04,-5.549561390e-04
6.668420000e+03,-4.044864214e+01,-9.265710469e-01,5.703456918e-04,-7.593147293e-04
6.668440000e+03,-4.155292014e+01,9.261951004e-01,5.025063423e-04,6.684751047e-04
6.668460000e+03,-3.729785303e+01,-3.139442890e+00,-1.364917321e-03,-2.934254363e-06
6.668480000e+03,-4.008708514e+01,3.007650756e+00,-9.811565853e-04,1.322095547e-04
6.668500000e+03,-3.507670455e+01,-2.219029677e+00,-1.064247944e-03,-1.405095210e-03
6.668520000e+03,-4.750263003e+01,1.671565168e+00,-4.240914509e-05,4.194302656e-04
6.668540000e+03,-3.208551657e+01,1.719276217e-01,2.450606718e-03,4.255280130e-04
6.668560000e+03,-3.429775423e+01,-1.839863958e+00,-5.125317113e-04,-1.858651466e-03
6.668580000e+03,-3.881277977e+01,9.704450202e-01,6.476755204e-04,9.459913806e-04
6.668600000e+03,-3.519721010e+01,1.806977325e+00,-4.067610111e-04,1.690099948e-03
6.668620000e+03,-3.635371493e+01,1.745255853e-01,1.498532873e-03,2.642204359e-04
6.668640000e+03,-4.764147592e+01,-4.038131841e-01,3.815141975e-04,-1.630192255e-04
6.668660000e+03,-3.725879762e+01,-2.858391981e+00,-1.316456277e-03,-3.831188679e-04
6.668680000e+03,-3.695603418e+01,2.326679537e+00,-9.738209494e-04,1.033071492e-03
6.668700000e+03,-3.465723133e+01,-2.253461927e+00,-1.167007978e-03,-1.435293578e-03
6.668720000e+03,-3.476554142e+01,-2.881145450e+00,-1.765320781e-03,-4.704587829e-04
6.668740000e+03,-3.794157919e+01,-8.720655936e-01,8.152642357e-04,-9.704129352e-04
6.668760000e+03,-3.923075143e+01,8.158656769e-01,7.486933399e-04,7.957636703e-04
6.668780000e+03,-4.832565309e+01,-7.233590628e-01,2.874346670e-04,-2.538130024e-04
6.668800000e+03,-3.323057518e+01,-1.727638004e+00,-3.405263319e-04,-2.153314790e-03
6.668820000e+03,-4.121903970e+01,6.102447907e-01,7.121985512e-04,4.980285478e-04
6.668840000e+03,-5.051933007e+01,1.975971056e+00,-1.174160223e-04,2.737567625e-04
6.668860000e+03,-3.436325154e+01,1.326871404e+00,4.621450622e-04,1.856893969e-03
6.668880000e+03,-3.796518397e+01,-1.709767738e+00,-1.750924596e-04,-1.251795703e-03
6.668900000e+03,-5.071352113e+01,-5.243691317e-02,2.908885289e-04,-1.526729223e-05
6.668920000e+03,-4.070778258e+01,-2.033813676e+00,-4.116972828e-04,-8.246935844e-04
6.668940000e+03,-4.319422245e+01,-6.847804955e-01,5.362197023e-04,-4.378763334e-04
6.668960000e+03,-3.458290007e+01,2.387893475e+00,-1.360439527e-03,1.276813278e-03
6.668980000e+03,-3.270253118e+01,5.091923879e-01,2.022816884e-03,1.129336431e-03
6.669000000e+03,-3.601126241e+01,-4.985391685e-01,1.390179417e-03,-7.568236697e-04
6.669020000e+03,-3.645079538e+01,-2.863422737e+00,-1.446893053e-03,-4.131949751e-04
6.669040000e+03,-3.997845879e+01,-2.077381029e+00,-4.863985084e-04,-8.765779258e-04
6.669060000e+03,-4.065484180e+01,2.491779933e+00,-7.383776019e-04,5.610997341e-04
6.669080000e+03,-3.820277788e+01,1.475692644e+00,1.167894367e-04,1.224317633e-03
6.669100000e+03,-7.106186727e+01,1.658835701e+00,-2.460494544e-06,2.787541645e-05
6.669120000e+03,-3.589973142e+01,-3.091232986e+00,-1.601262341e-03,-8.070727756e-05
6.669140000e+03,-4.116455542e+01,-2.742559059e+00,-8.058196045e-04,-3.397774857e-04
6.669160000e+03,-3.780364976e+01,2.326507725e+00,-8.831188679e-04,9.371733350e-04
6.669180000e+03,-4.245519780e+01,1.405987631e+00,1.236665953e-04,7.435583947e-04
6.669200000e+03,-3.786302335e+01,-6.834300304e-01,9.917015619e-04,-8.075923832e-04
6.669220000e+03,-3.207191758e+01,2.756493075e+00,-2.308723294e-03,9.358131858e-04
6.669240000e+03,-3.656812327e+01,8.263992070e-01,1.005822661e-03,1.091878840e-03
6.669260000e+03,-3.493239698e+01,2.914566905e+00,-1.746186998e-03,4.033835621e-04
6.669280000e+03,-4.332663824e+01,5.588796750e-01,5.780786747e-04,3.615245897e-04
6.669300000e+03,-3.969409818e+01,1.899167324e+00,-3.340618027e-04,9.804994345e-04
6.669320000e+03,-4.804002342e+01,-2.845418739e+00,-3.790231378e-04,-1.156585261e-04
6.669340000e+03,-3.231183607e+01,1.522671778e+00,1.165754806e-04,2.420500046e-03
6.669360000e+03,-3.764818966e+01,-1.023391399e+00,6.823211175e-04,-1.119402757e-03
6.669380000e+03,-3.695481214e+01,2.417483419e+00,-1.063636642e-03,9.406424794e-04
6.669400000e+03,-4.013451396e+01,1.786818810e+00,-2.110523581e-04,9.617477153e-04
6.669420000e+03,-3.469006690e+01,1.693990041e+00,-2.264571935e-04,1.828911575e-03
6.669440000e+03,-3.925392498e+01,-2.218058862e+00,-6.570895865e-04,-8.692881377e-04
6.669460000e+03,-3.416254411e+01,-1.481327686e+00,1.749701990e-04,-1.950438610e-03
6.669480000e+03,-3.708799352e+01,-4.644736431e-01,1.250160467e-03,-6.263716111e-04
6.669500000e+03,-5.069994009e+01,-1.634747635e+00,-1.864474127e-05,-2.911483327e-04
6.669520000e+03,-4.142793539e+01,-2.343418604e+00,-5.921997738e-04,-6.075281964e-04
6.669540000e+03,-3.991630374e+01,-1.349677914e+00,2.214445090e-04,-9.850994896e-04
6.669560000e+03,-4.316882802e+01,-7.620032452e-01,5.023076688e-04,-4.793379589e-04
6.669580000e+03,-4.442964857e+01,-2.219489153e+00,-3.627930434e-04,-4.785279824e-04
6.669600000e+03,-3.318177677e+01,2.192637329e+00,-1.277118929e-03,1.781963505e-03
6.669620000e+03,-4.379282202e+01,3.095623829e+00,-6.455053947e-04,2.969404285e-05
6.669640000e+03,-3.547605846e+01,-3.177745178e-01,1.599153345e-03,-5.259956597e-04
6.669660000e+03,-3.861996826e+01,-2.775065623e+00,-1.094339334e-03,-4.200874163e-04
6.669680000e+03,-3.632385505e+01,2.697274426e-01,1.471681389e-03,4.068679891e-04
6.669700000e+03,-3.551826231e+01,-1.970300242e+00,-6.516184247e-04,-1.543356665e-03
6.669720000e+03,-3.654899975e+01,2.593647531e+00,-1.269997249e-03,7.750557814e-04
6.669740000e+03,-3.821900214e+01,-5.642552726e-01,1.037289483e-03,-6.564935660e-04
6.669760000e+03,-4.445250250e+01,8.795407406e-01,3.818198490e-04,4.614420638e-04
6.669780000e+03,-3.925986851e+01,1.120906841e+00,4.735458630e-04,9.805911300e-04
6.669800000e+03,-3.085282556e+01,2.200409869e+00,-1.687914540e-03,2.316899471e-03
6.669820000e+03,-3.809479297e+01,-2.524772864e+00,-1.015786900e-03,-7.203135984e-04
6.669840000e+03,-3.536957313e+01,7.069552235e-01,1.295778953e-03,1.106916893e-03
6.669860000e+03,-3.388077601e+01,7.090909039e-01,1.535241618e-03,1.317159275e-03
6.669880000e+03,-3.400842252e+01,2.177508133e+00,-1.136534523e-03,1.637573738e-03
6.669900000e+03,-3.712375965e+01,4.571150904e-01,1.249579729e-03,6.146193111e-04
6.669920000e+03,-4.029372762e+01,1.011932256e+00,5.125928416e-04,8.196656173e-04
6.669940000e+03,-2.961113590e+01,2.831321707e-01,3.175398111e-03,9.238774949e-04
6.669960000e+03,-3.973314056e+01,1.992942075e+00,-4.225020631e-04,9.406730446e-04
6.669980000e+03,-5.286516504e+01,-2.087191302e+00,-1.122657945e-04,-1.977259529e-04
6.670000000e+03,-3.456297515e+01,-1.321879264e+00,4.606932176e-04,-1.812406394e-03
6.670020000e+03,-3.698287266e+01,-1.539477235e+00,4.431946694e-05,-1.414631537e-03
6.670040000e+03,-4.175753174e+01,-1.391267001e-01,8.089219672e-04,-1.132744445e-04
6.670060000e+03,-3.764433970e+01,1.667697363e+00,-1.268912186e-04,1.305391692e-03
6.670080000e+03,-3.891072764e+01,2.189815581e+00,-6.577620197e-04,9.232661919e-04
6.670100000e+03,-3.704805071e+01,1.630918654e+00,-8.440566067e-05,1.402206804e-03
6.670120000e+03,-3.825943505e+01,1.361881647e+00,2.534156555e-04,1.195311306e-03
6.670140000e+03,-3.704004807e+01,2.866040126e+00,-1.352996913e-03,3.825534126e-04
6.670160000e+03,-3.760759653e+01,-1.025077139e-01,1.310190421e-03,-1.347770272e-04
6.670180000e+03,-4.115343051e+01,2.677671863e+00,-7.830944157e-04,3.918146529e-04
6.670200000e+03,-4.885028120e+01,3.383297805e-02,3.607757435e-04,1.221077727e-05
6.670220000e+03,-4.205435094e+01,1.544501889e+00,2.075373659e-05,7.891004676e-04
6.670240000e+03,-3.720605598e+01,1.569234192e+00,2.154843048e-06,1.379420485e-03
6.670260000e+03,-4.019431632e+01,2.208692257e-01,9.541217104e-04,2.142311337e-04
6.670280000e+03,-4.486464805e+01,9.521331339e-01,3.312498090e-04,4.653085552e-04
6.670300000e+03,-4.673089764e+01,9.346058828e-01,2.737414800e-04,3.706024391e-04
6.670320000e+03,-3.326525965e+01,2.329247186e+00,-1.493474341e-03,1.576214201e-03
6.670340000e+03,-6.212660173e+01,-2.680302295e+00,-7.010117065e-05,-3.484427056e-05
6.670360000e+03,-3.859583481e+01,-2.999320511e+00,-1.163584681e-03,-1.666717609e-04
6.670380000e+03,-4.041986539e+01,-3.120226464e+00,-9.525934529e-04,-2.035638964e-05
6.670400000e+03,-3.540461531e+01,-2.181523029e+00,-9.733624721e-04,-1.390515634e-03
6.670420000e+03,-4.131717991e+01,2.618742714e+00,-7.444906318e-04,4.290888529e-04
6.670440000e+03,-3.413283081e+01,-2.211248665e+00,-1.174190788e-03,-1.575572332e-03
6.670460000e+03,-4.636110836e+01,1.522142754e+00,2.338233946e-05,4.802090656e-04
6.670480000e+03,-4.142183435e+01,5.243103865e-01,7.349543051e-04,4.250236880e-04
6.670500000e+03,-3.818585721e+01,-1.425931672e+00,1.778891708e-04,-1.219366079e-03
6.670520000e+03,-5.133325322e+01,-1.004486295e+00,1.455206773e-04,-2.288871229e-04
6.670540000e+03,-3.358736909e+01,1.261444828e+00,6.369930006e-04,1.993015863e-03
6.670560000e+03,-3.712346743e+01,-2.753882436e+00,-1.289238011e-03,-5.264999847e-04
6.670580000e+03,-3.483073933e+01,-6.378997150e-01,1.456689183e-03,-1.079820888e-03
6.670600000e+03,-3.796063819e+01,1.242491935e+00,4.077696610e-04,1.197099367e-03
6.670620000e+03,-4.398214237e+01,-2.250180480e+00,-3.972552496e-04,-4.918696702e-04
6.670640000e+03,-4.128652764e+01,2.585072919e+00,-7.322034416e-04,4.555124247e-04
6.670660000e+03,-3.824181622e+01,3.849752378e-01,1.134746462e-03,4.597915457e-04
6.670680000e+03,-3.716775832e+01,-2.803778874e+00,-1.307210319e-03,-4.591955253e-04
6.670700000e+03,-3.273394391e+01,1.919859196e+00,-7.894978146e-04,2.169147538e-03
6.670720000e+03,-3.465893568e+01,-1.065412142e+00,8.954213406e-04,-1.618287129e-03
6.670740000e+03,-4.173686314e+01,9.036550237e-01,5.066020723e-04,6.432130085e-04
6.670760000e+03,-3.650735156e+01,-5.374426090e-01,1.284210044e-03,-7.653360638e-04
6.670780000e+03,-3.089700246e+01,4.217412539e-01,2.602102882e-03,1.167466455e-03
6.670800000e+03,-3.445039158e+01,-2.117585467e+00,-9.850077941e-04,-1.618225999e-03
6.670820000e+03,-3.901782289e+01,3.193162930e-01,1.063117034e-03,3.514992206e-04
6.670840000e+03,-3.452548554e+01,3.020321032e+00,-1.864336583e-03,2.272060397e-04
6.670860000e+03,-3.551115235e+01,-2.308391270e+00,-1.127563652e-03,-1.240868662e-03
6.670880000e+03,-4.125696492e+01,-2.152210249e+00,-4.752116637e-04,-7.230950271e-04
6.670900000e+03,-3.658895344e+01,2.602957033e+00,-1.271296268e-03,7.596967937e-04
6.670920000e+03,-4.370873416e+01,-1.972403447e+00,-2.550508910e-04,-6.005593422e-04
6.670940000e+03,-3.404041958e+01,-1.512156064e-02,1.985771923e-03,-3.003025950e-05
6.670960000e+03,-4.663239117e+01,-6.280078294e-01,3.770822508e-04,-2.737873277e-04
6.670980000e+03,-3.676416898e+01,2.480510698e+00,-1.145642938e-03,8.911269371e-04
6.671000000e+03,-4.370302969e+01,7.013841497e-02,6.512974906e-04,4.575602898e-05
6.671020000e+03,-3.424170500e+01,-8.283696207e-01,1.311932634e-03,-1.429822416e-03
6.671040000e+03,-3.922311538e+01,8.432732640e-02,1.089678149e-03,9.210807837e-05
6.671060000e+03,-3.817718103e+01,9.743061004e-01,6.929119418e-04,1.020493933e-03
6.671080000e+03,-3.822181675e+01,1.216172422e+00,4.261240334e-04,1.150823731e-03
6.671100000e+03,-4.057309126e+01,-1.629077021e-01,9.237552343e-04,-1.518323807e-04
6.671120000e+03,-4.798281085e+01,-3.965357992e-01,3.679432711e-04,-1.540636366e-04
6.671140000e+03,-3.646551086e+01,2.776081251e+00,-1.402955650e-03,5.369227007e-04
6.671160000e+03,-4.625909879e+01,4.916944495e-01,4.288290491e-04,2.296665342e-04
6.671180000e+03,-4.462674137e+01,-1.460607719e+00,6.455359599e-05,-5.834734236e-04
6.671200000e+03,-3.848935707e+01,2.527472270e-01,1.152153315e-03,2.975670141e-04
6.671220000e+03,-3.564115159e+01,5.634471904e-01,1.396414708e-03,8.822019134e-04
6.671240000e+03,-3.638345570e+01,-2.735291562e+00,-1.392991411e-03,-5.993214537e-04
6.671260000e+03,-3.259495675e+01,-2.290135665e+00,-1.545480943e-03,-1.764449674e-03
6.671280000e+03,-3.723851036e+01,-1.173634840e+00,5.315737996e-04,-1.267307516e-03
6.671300000e+03,-3.758314136e+01,4.366952296e-02,1.319558639e-03,5.766115475e-05
6.671320000e+03,-3.539271088e+01,-3.076412095e+00,-1.696060152e-03,-1.107069719e-04
6.671340000e+03,-3.688697070e+01,5.179195241e-01,1.243359721e-03,7.084696030e-04
6.671360000e+03,-3.786070671e+01,-8.704888883e-01,8.244337806e-04,-9.781917657e-04
6.671380000e+03,-4.246929560e+01,-1.598824659e+00,-2.108995324e-05,-7.522541798e-04
6.671400000e+03,-4.713581965e+01,-1.076899679e+00,2.084696030e-04,-3.871993153e-04
6.671420000e+03,-3.546317849e+01,2.005057214e+00,-7.093407097e-04,1.529449522e-03
6.671440000e+03,-3.476357701e+01,-2.481907938e+00,-1.443943516e-03,-1.119922365e-03
6.671460000e+03,-4.436524819e+01,1.508030848e+00,3.794663325e-05,6.037839655e-04
6.671480000e+03,-3.838230229e+01,1.742295403e+00,-2.055964789e-04,1.187043433e-03
6.671500000e+03,-3.746428769e+01,-1.478720803e+00,1.231164227e-04,-1.333343522e-03
6.671520000e+03,-3.644678278e+01,3.066522858e-01,1.435201883e-03,4.544426445e-04
6.671540000e+03,-3.420643286e+01,-1.254063602e+00,6.068557631e-04,-1.851483938e-03
6.671560000e+03,-4.525917105e+01,-9.912118957e-01,2.989271632e-04,-4.566739004e-04
6.671580000e+03,-3.611308596e+01,5.702304668e-01,1.316868906e-03,8.444998013e-04
6.671600000e+03,-3.983753445e+01,1.799793087e+00,-2.312864871e-04,9.922822997e-04
6.671620000e+03,-4.069089230e+01,-9.386141779e-01,5.457254638e-04,-7.450560870e-04
6.671640000e+03,-4.447880056e+01,2.418399938e+00,-4.476571813e-04,3.951615368e-04
6.671660000e+03,-3.244851338e+01,-4.641060223e-01,2.133141792e-03,-1.067793502e-03
6.671680000e+03,-4.253462146e+01,-2.672821219e-01,7.203900113e-04,-1.972674756e-04
6.671700000e+03,-4.782164800e+01,2.311131051e+00,-2.741082618e-04,2.999969435e-04
6.671720000e+03,-3.709912996e+01,-2.732673110e+00,-1.281367485e-03,-5.552770731e-04
6.671740000e+03,-4.475133125e+01,-2.132595385e+00,-3.082648165e-04,-4.897301097e-04
6.671760000e+03,-3.770060344e+01,-2.003472775e+00,-5.463826145e-04,-1.182993551e-03
6.671780000e+03,-4.293713804e+01,-2.109580238e+00,-3.658801235e-04,-6.120671211e-04
6.671800000e+03,-3.818853604e+01,3.220330137e-01,1.168566800e-03,3.898890485e-04
6.671820000e+03,-4.191372398e+01,2.872087652e+00,-7.732982853e-04,2.136045481e-04
6.671840000e+03,-3.570897260e+01,-2.257597248e+00,-1.039169239e-03,-1.267322799e-03
6.671860000e+03,-4.036329035e+01,3.575919336e-01,8.983708775e-04,3.356817557e-04
6.671880000e+03,-4.312103475e+01,1.697065493e+00,-8.792065287e-05,6.925910077e-04
6.671900000e+03,-3.893486632e+01,5.714780024e-01,9.508359568e-04,6.114405355e-04
6.671920000e+03,-3.368729084e+01,1.327163452e+00,4.989607849e-04,2.007320353e-03
6.671940000e+03,-4.935407502e+01,8.741509495e-01,2.185713849e-04,2.612708989e-04
6.671960000e+03,-4.695170399e+01,-1.088964754e+00,2.081486689e-04,-3.980346609e-04
6.671980000e+03,-3.533403872e+01,-1.136852839e+00,7.194730568e-04,-1.552587340e-03
6.672000000e+03,-3.742751535e+01,-1.051288783e-02,1.344622062e-03,-1.413638170e-05
6.672020000e+03,-3.927899373e+01,-2.046546486e+00,-4.976464835e-04,-9.658892930e-04
6.672040000e+03,-3.352388636e+01,3.077944951e+00,-2.103417184e-03,1.340587462e-04
6.672060000e+03,-3.369749913e+01,-4.660261782e-01,1.845661277e-03,-9.283247241e-04
6.672080000e+03,-4.596265212e+01,-3.141380120e+00,-5.033468839e-04,-1.069780237e-07
6.672100000e+03,-4.027470575e+01,-1.273240232e+00,2.840572180e-04,-9.262921417e-04
6.672120000e+03,-4.589008811e+01,-4.752280232e-01,4.513249992e-04,-2.322340068e-04
6.672140000e+03,-5.452634752e+01,-2.437247404e+00,-1.431060305e-04,-1.216034477e-04
6.672160000e+03,-3.616086933e+01,2.977900595e+00,-1.535012379e-03,2.535379161e-04
6.672180000e+03,-3.721693945e+01,1.947623728e+00,-5.069535715e-04,1.281031268e-03
6.672200000e+03,-3.649153258e+01,1.357050385e+00,3.176941651e-04,1.463612189e-03
6.672220000e+03,-4.275981034e+01,-1.361062527e+00,1.515267292e-04,-7.118470520e-04
6.672240000e+03,-3.901795493e+01,1.601947913e+00,-3.487483571e-05,1.119158236e-03
6.672260000e+03,-3.278383091e+01,2.579693631e+00,-1.942247150e-03,1.222835223e-03
6.672280000e+03,-3.246105722e+01,-2.607015764e+00,-2.049698933e-03,-1.213589266e-03
6.672300000e+03,-3.258352415e+01,1.674428084e+00,-2.429623743e-04,2.336079103e-03
6.672320000e+03,-3.391231519e+01,1.184754938e+00,7.588868173e-04,1.867179142e-03
6.672340000e+03,-4.011620312e+01,1.077734026e+00,4.670354861e-04,8.691811596e-04
6.672360000e+03,-3.851777581e+01,2.635400239e+00,-1.037335330e-03,5.750680075e-04
6.672380000e+03,-3.642739871e+01,2.268437036e+00,-9.692667421e-04,1.156279610e-03
6.672400000e+03,-3.668011988e+01,2.132282872e+00,-7.803129871e-04,1.240517162e-03
6.672420000e+03,-4.811165531e+01,-2.309076976e+00,-2.645108048e-04,-2.906898554e-04
6.672440000e+03,-3.565905011e+01,-1.277477297e+00,4.765870954e-04,-1.577941132e-03
6.672460000e+03,-3.671367499e+01,-1.236326878e+00,4.792309808e-04,-1.378977290e-03
6.672480000e+03,-3.404412949e+01,2.158719929e+00,-1.101033102e-03,1.651832381e-03
6.672500000e+03,-3.871198971e+01,2.222242875e+00,-7.032582449e-04,9.223186722e-04
6.672520000e+03,-3.350513577e+01,2.000974073e+00,-8.808723294e-04,1.919797047e-03
6.672540000e+03,-3.796258400e+01,-7.300883496e-01,9.420943241e-04,-8.432466302e-04
6.672560000e+03,-3.233529295e+01,1.422190292e+00,3.578262066e-04,2.390133570e-03
6.672580000e+03,-4.161258703e+01,-2.521443700e+00,-6.759024360e-04,-4.826848427e-04
6.672600000e+03,-3.773295069e+01,-1.741246141e-01,1.278601339e-03,-2.249136535e-04
6.672620000e+03,-3.844878910e+01,-1.069975413e+00,5.740287924e-04,-1.048705566e-03
6.672640000e+03,-3.690770370e+01,1.920728847e+00,-4.894397408e-04,1.341107070e-03
6.672660000e+03,-3.356881783e+01,-1.441532453e+00,2.702876181e-04,-2.079316563e-03
6.672680000e+03,-4.312458125e+01,1.289714201e+00,1.935843751e-04,6.704771220e-04
6.672700000e+03,-3.772598242e+01,-1.029024782e-01,1.292401504e-03,-1.334627258e-04
6.672720000e+03,-3.587481126e+01,-2.385393870e+00,-1.169667146e-03,-1.103279641e-03
6.672740000e+03,-3.308417152e+01,-2.979967083e+00,-2.188235474e-03,-3.567869915e-04
6.672760000e+03,-3.829383609e+01,-1.452092019e+00,1.441299630e-04,-1.208484886e-03
6.672780000e+03,-3.587825185e+01,9.063998585e-01,9.910138460e-04,1.265381912e-03
6.672800000e+03,-4.029905251e+01,3.338008158e-01,9.128281933e-04,3.165479720e-04
6.672820000e+03,-4.127114201e+01,-9.368025320e-01,5.117217349e-04,-6.959837393e-04
6.672840000e+03,-3.428730298e+01,-7.637052702e-02,1.924718036e-03,-1.472781734e-04
6.672860000e+03,-3.801119703e+01,2.214506502e+00,-7.545924137e-04,1.005685118e-03
6.672880000e+03,-3.825155110e+01,-2.570732694e+00,-1.029067457e-03,-6.608490999e-04
6.672900000e+03,-3.384324395e+01,-3.017174212e+00,-2.015893878e-03,-2.521166366e-04
6.672920000e+03,-4.634327287e+01,-1.625925312e+00,-2.654583244e-05,-4.810343247e-04
6.672940000e+03,-3.428310301e+01,-1.633866704e+00,-1.217257083e-04,-1.927438335e-03
6.672960000e+03,-3.648264768e+01,-2.698716114e+00,-1.354586301e-03,-6.424794449e-04
6.672980000e+03,-3.915822286e+01,7.638280920e-01,7.956872574e-04,7.620808754e-04
6.673000000e+03,-3.579567833e+01,-1.200061580e+00,5.878748051e-04,-1.512378886e-03
6.673020000e+03,-4.262592700e+01,-1.037600336e+00,3.756762539e-04,-6.365039582e-04
6.673040000e+03,-3.807762290e+01,-1.421300131e+00,1.858361097e-04,-1.233808112e-03
6.673060000e+03,-4.283551168e+01,-2.763961629e+00,-6.706452303e-04,-2.660237797e-04
6.673080000e+03,-3.459950370e+01,-5.103124613e-01,1.624935049e-03,-9.095882874e-04
6.673100000e+03,-3.939450597e+01,-3.051492009e-01,1.022664058e-03,-3.221261118e-04
6.673120000e+03,-4.780286364e+01,8.826464558e-02,4.056606657e-04,3.589876822e-05
6.673140000e+03,-3.366656434e+01,2.548440335e+00,-1.719182688e-03,1.158954061e-03
6.673160000e+03,-4.070306030e+01,3.713486111e-01,8.593850292e-04,3.346578232e-04
6.673180000e+03,-3.541524352e+01,-2.866893936e+00,-1.631705230e-03,-4.598526760e-04
6.673200000e+03,-4.735165682e+01,-7.247487958e-01,3.211480270e-04,-2.843781520e-04
6.673220000e+03,-3.477025815e+01,1.673429806e+00,-1.870739982e-04,1.816334016e-03
6.673240000e+03,-3.817906165e+01,1.382475695e+00,2.308738576e-04,1.211434422e-03
6.673260000e+03,-4.211772720e+01,-2.004498089e+00,-3.293089220e-04,-7.110829233e-04
6.673280000e+03,-4.625283362e+01,-6.257126761e-01,3.945807990e-04,-2.851117156e-04
6.673300000e+03,-7.174022190e+01,2.359117238e+00,-1.835437234e-05,1.824739432e-05
6.673320000e+03,-3.415159425e+01,-2.406327785e-02,1.960173610e-03,-4.717730843e-05
6.673340000e+03,-3.384572547e+01,-1.150181419e+00,8.293089220e-04,-1.853990280e-03
6.673360000e+03,-4.146116014e+01,-1.000518148e+00,4.562765535e-04,-7.114191399e-04
6.673380000e+03,-4.045144205e+01,1.626104634e+00,-5.248036189e-05,9.479017025e-04
6.673400000e+03,-4.153405418e+01,1.911946021e+00,-2.804046826e-04,7.898034661e-04
6.673420000e+03,-3.619789254e+01,-2.985409262e+00,-1.530335911e-03,-2.409756396e-04
6.673440000e+03,-3.383786532e+01,-1.145186092e+00,8.393190085e-04,-1.851499221e-03
6.673460000e+03,-3.007808730e+01,7.273332101e-01,2.340923679e-03,2.083717945e-03
6.673480000e+03,-3.936454991e+01,1.340632058e+00,2.454534340e-04,1.047528808e-03
6.673500000e+03,-3.404036545e+01,-1.832346965e+00,-5.135403613e-04,-1.918467463e-03
6.673520000e+03,-3.485910492e+01,-5.322869808e-01,1.557309656e-03,-9.172448574e-04
6.673540000e+03,-3.297402730e+01,-2.715861333e+00,-2.044991900e-03,-9.273313568e-04
6.673560000e+03,-3.628116503e+01,-1.377873830e+00,2.941895651e-04,-1.505944922e-03
6.673580000e+03,-3.295567937e+01,-1.604356866e-01,2.221276401e-03,-3.594614421e-04
6.673600000e+03,-3.311566880e+01,-2.809043221e-01,2.122520402e-03,-6.124186203e-04
6.673620000e+03,-3.522186753e+01,2.772116042e+00,-1.616453220e-03,6.259895467e-04
6.673640000e+03,-3.932108692e+01,2.914556510e+00,-1.053550142e-03,2.433902864e-04
6.673660000e+03,-3.431046110e+01,-9.346999968e-01,1.143686768e-03,-1.548675001e-03
6.673680000e+03,-3.746699425e+01,2.374932860e+00,-9.641012318e-04,9.286303756e-04
6.673700000e+03,-3.811486417e+01,2.942843725e+00,-1.217929517e-03,2.453006082e-04
6.673720000e+03,-3.596396184e+01,2.355257449e+00,-1.124293181e-03,1.126402176e-03
6.673740000e+03,-4.693532393e+01,9.557776000e-01,2.596509460e-04,3.675612067e-04
6.673760000e+03,-3.446914699e+01,-7.581951582e-01,1.372543326e-03,-1.299828835e-03
6.673780000e+03,-4.649386009e+01,-2.246308508e+00,-2.960693218e-04,-3.695020937e-04
6.673800000e+03,-4.202572205e+01,-1.524938158e-01,7.827887643e-04,-1.203044289e-04
6.673820000e+03,-3.493000152e+01,-2.070132843e+00,-8.584069444e-04,-1.573784271e-03
6.673840000e+03,-3.745247651e+01,-2.427912517e+00,-1.013616774e-03,-8.777394015e-04
6.673860000e+03,-3.898157858e+01,1.584619579e+00,-1.554237858e-05,1.124293181e-03
6.673880000e+03,-3.922697803e+01,1.269902338e+00,3.239600208e-04,1.043967968e-03
6.673900000e+03,-3.914798288e+01,-2.128918350e+00,-5.841764220e-04,-9.356756426e-04
6.673920000e+03,-3.728517032e+01,-1.799683477e+00,-3.101445732e-04,-1.331265092e-03
6.673940000e+03,-3.517289667e+01,1.777700731e-01,1.715759391e-03,3.082648165e-04
6.673960000e+03,-5.095863071e+01,7.982585771e-01,1.976495400e-04,2.027997677e-04
6.673980000e+03,-3.385814791e+01,-1.767714555e+00,-3.967967723e-04,-1.988920133e-03
6.674000000e+03,-3.364665915e+01,-1.828397829e-01,2.043463643e-03,-3.778463796e-04
6.674020000e+03,-4.307430817e+01,1.738468489e+00,-1.171409359e-04,6.920714002e-04
6.674040000e+03,-3.514384501e+01,1.147978256e+00,7.177002781e-04,1.595042333e-03
6.674060000e+03,-5.794505304e+01,1.691111544e+00,-1.520616193e-05,1.257755907e-04
6.674080000e+03,-3.450244360e+01,-5.887228764e-01,1.566097136e-03,-1.045694899e-03
6.674100000e+03,-3.784044500e+01,1.422838107e+00,1.890301678e-04,1.268255036e-03
6.674120000e+03,-3.482559011e+01,8.612393395e-02,1.807622948e-03,1.560656539e-04
6.674140000e+03,-3.359341229e+01,-1.874926490e+00,-6.261423725e-04,-1.994926185e-03
6.674160000e+03,-3.522410754e+01,8.979284336e-01,1.080050127e-03,1.355258734e-03
6.674180000e+03,-3.896720959e+01,2.694621697e+00,-1.015618791e-03,4.868111379e-04
6.674200000e+03,-3.506246196e+01,1.442927267e+00,2.251428921e-04,1.751123269e-03
6.674220000e+03,-3.771305073e+01,2.635881320e+00,-1.138337867e-03,6.303450805e-04
6.674240000e+03,-3.909314348e+01,2.036347510e-02,1.109820583e-03,2.260292814e-05
6.674260000e+03,-4.401175818e+01,-8.269479261e-01,4.266589235e-04,-4.636733197e-04
6.674280000e+03,-3.328596188e+01,-1.877373441e+00,-6.537579851e-04,-2.065210747e-03
6.674300000e+03,-4.240094472e+01,-1.340667270e-01,7.516887245e-04,-1.013846013e-04
6.674320000e+03,-3.887430661e+01,1.973726139e+00,-4.463734450e-04,1.047207874e-03
6.674340000e+03,-3.324302755e+01,-2.997433000e+00,-2.154369288e-03,-3.127426109e-04
6.674360000e+03,-3.929305795e+01,1.489856933e+00,8.770669682e-05,1.081242168e-03
6.674380000e+03,-4.235039926e+01,1.233069331e+00,2.527890699e-04,7.198245560e-04
6.674400000e+03,-3.956985516e+01,-4.315626218e-01,9.544273619e-04,-4.395268515e-04
6.674420000e+03,-3.559552808e+01,2.068791471e+00,-7.931350674e-04,1.458767613e-03
6.674440000e+03,-3.419130495e+01,-1.842987994e+00,-5.247272060e-04,-1.879940092e-03
6.674460000e+03,-3.241560326e+01,1.783059777e+00,-5.044625118e-04,2.340786136e-03
6.674480000e+03,-3.365870725e+01,1.968653269e+00,-8.040315432e-04,1.913133845e-03
6.674500000e+03,-3.756977420e+01,1.124736545e+00,5.706971911e-04,1.193416267e-03
6.674520000e+03,-3.793888079e+01,-9.769430018e-01,7.094171226e-04,-1.050753431e-03
6.674540000e+03,-3.832709627e+01,-1.038252280e+00,6.155668307e-04,-1.044502858e-03
6.674560000e+03,-3.566392166e+01,1.605572336e+00,-5.727909038e-05,1.646422349e-03
6.674580000e+03,-4.304755138e+01,-2.913734686e+00,-6.858819574e-04,-1.590457560e-04
6.674600000e+03,-4.732977238e+01,-1.616513294e+00,-1.965339120e-05,-4.295931779e-04
6.674620000e+03,-5.062228964e+01,2.003280249e+00,-1.233762264e-04,2.672616682e-04
6.674640000e+03,-3.351696507e+01,-2.693319973e+00,-1.900953633e-03,-9.142189076e-04
6.674660000e+03,-3.562251289e+01,-1.834715487e+00,-4.318091512e-04,-1.597976587e-03
6.674680000e+03,-3.382707041e+01,2.804021096e-02,2.034584467e-03,5.706513433e-05
6.674700000e+03,-3.780668616e+01,2.691781795e+00,-1.159213864e-03,5.596937372e-04
6.674720000e+03,-3.455014797e+01,-1.116604399e+00,8.216676346e-04,-1.682932420e-03
6.674740000e+03,-3.912462240e+01,1.529636364e+00,4.551150778e-05,1.105098267e-03
6.674760000e+03,-3.604339702e+01,1.440696873e+00,2.045878290e-04,1.563667207e-03
6.674780000e+03,-3.359409925e+01,1.520513419e+00,1.050829844e-04,2.088073479e-03
6.674800000e+03,-3.528056837e+01,-4.708285647e-01,1.534416358e-03,-7.810312681e-04
6.674820000e+03,-4.708146004e+01,-1.344313284e+00,9.936730140e-05,-4.312131308e-04
6.674840000e+03,-3.747116992e+01,-1.059982314e+00,6.541094844e-04,-1.167160803e-03
6.674860000e+03,-3.366163777e+01,5.888733097e-02,2.070926430e-03,1.220924901e-04
6.674880000e+03,-3.171165563e+01,-2.278558023e-01,2.529556500e-03,-5.865605037e-04
6.674900000e+03,-4.054478100e+01,1.855968983e+00,-2.642204359e-04,9.012745667e-04
6.674920000e+03,-3.774585641e+01,1.462772881e+00,1.397591466e-04,1.288748968e-03
6.674940000e+03,-3.860820005e+01,-1.232584666e-01,1.164883700e-03,-1.443133539e-04
6.674960000e+03,-3.208448438e+01,2.665347481e+00,-2.210761989e-03,1.140416297e-03
6.674980000e+03,-3.514655730e+01,2.101471413e-01,1.710058991e-03,3.647492129e-04
6.675000000e+03,-3.382956777e+01,-1.331275172e+00,4.827306905e-04,-1.976709356e-03
6.675020000e+03,-3.532851013e+01,3.093368506e+00,-1.710288229e-03,8.254118654e-05
6.675040000e+03,-3.700002474e+01,2.156503374e+00,-7.808325947e-04,1.177094477e-03
6.675060000e+03,-3.291971773e+01,-1.832854347e+00,-5.853684629e-04,-2.182366965e-03
6.675080000e+03,-4.712965468e+01,-1.980945822e+00,-1.754745239e-04,-4.035669530e-04
6.675100000e+03,-3.311333395e+01,7.619023119e-01,1.598771281e-03,1.525353792e-03
6.675120000e+03,-3.796191501e+01,1.537625520e+00,4.193538527e-05,1.263761959e-03
6.675140000e+03,-4.188875447e+01,4.746569932e-01,7.156218480e-04,3.677140325e-04
6.675160000e+03,-3.280831485e+01,-1.648614006e+00,-1.779197359e-04,-2.281749549e-03
6.675180000e+03,-4.593519730e+01,1.048669495e+00,2.518262677e-04,4.376623774e-04
6.675200000e+03,-3.708968386e+01,-1.093787431e+00,6.418681419e-04,-1.241969007e-03
6.675220000e+03,-4.262084626e+01,2.012224960e+00,-3.159519516e-04,6.686432130e-04
6.675240000e+03,-3.876794814e+01,-1.398340418e-01,1.141149861e-03,-1.606198612e-04
6.675260000e+03,-3.093149415e+01,1.174971445e+00,1.095286854e-03,2.621053275e-03
6.675280000e+03,-5.454974499e+01,-1.534476876e+00,6.800745790e-06,-1.871656937e-04
6.675300000e+03,-3.795967581e+01,1.497724899e+00,9.233731699e-05,1.261408442e-03
6.675320000e+03,-3.880601733e+01,-7.136900869e-01,8.673472507e-04,-7.510927041e-04
6.675340000e+03,-4.421710768e+01,-2.585375690e+00,-5.226182107e-04,-3.249075404e-04
6.675360000e+03,-3.749887079e+01,9.636253915e-01,7.609346823e-04,1.095317419e-03
6.675380000e+03,-3.784241960e+01,-2.050027934e+00,-5.911147110e-04,-1.137558456e-03
6.675400000e+03,-3.335532975e+01,-8.882586527e-01,1.355503255e-03,-1.667558150e-03
6.675420000e+03,-3.870340992e+01,-3.926870044e-01,1.072622795e-03,-4.442797322e-04
6.675440000e+03,-3.437866715e+01,-3.980652725e-01,1.760797139e-03,-7.404407495e-04
6.675460000e+03,-3.722689488e+01,-2.676122314e+00,-1.229712382e-03,-6.176605434e-04
6.675480000e+03,-3.479953446e+01,1.546658276e+00,4.392212000e-05,1.819268270e-03
6.675500000e+03,-3.364697324e+01,1.204660038e+00,7.439557417e-04,1.940290980e-03
6.675520000e+03,-3.907400532e+01,-1.251808604e+00,3.488859003e-04,-1.056377418e-03
6.675540000e+03,-3.534376701e+01,-2.147768644e+00,-9.323898890e-04,-1.432573280e-03
6.675560000e+03,-4.045709308e+01,1.665056967e+00,-8.929608460e-05,9.445242534e-04
6.675580000e+03,-3.479809957e+01,4.760734116e-01,1.617706391e-03,8.341382156e-04
6.675600000e+03,-5.028321379e+01,5.268812388e-01,2.645719351e-04,1.539108109e-04
6.675620000e+03,-3.619345541e+01,1.432406171e+00,2.138185041e-04,1.535165205e-03
6.675640000e+03,-3.190432961e+01,-4.947589216e-01,2.235152979e-03,-1.205902130e-03
6.675660000e+03,-3.479436581e+01,2.513182648e+00,-1.473026255e-03,1.070422105e-03
6.675680000e+03,-3.600527915e+01,2.061207409e-01,1.550401932e-03,3.241739768e-04
6.675700000e+03,-3.951671208e+01,1.433924212e+00,1.442522236e-04,1.047330134e-03
6.675720000e+03,-3.477905938e+01,6.391762807e-01,1.463994254e-03,1.088134609e-03
6.675740000e+03,-3.438019008e+01,2.109361774e+00,-9.795519149e-04,1.639468778e-03
6.675760000e+03,-3.825999984e+01,2.130813000e+00,-6.490203870e-04,1.035165205e-03
6.675780000e+03,-3.400527382e+01,-2.755604142e+00,-1.847342360e-03,-7.507106397e-04
6.675800000e+03,-3.446094010e+01,3.087184192e+00,-1.889338876e-03,1.028975762e-04
6.675820000e+03,-3.948394289e+01,-6.819267624e-01,8.238836079e-04,-6.688724516e-04
6.675840000e+03,-3.765102670e+01,2.755189712e+00,-1.213910200e-03,4.938869701e-04
6.675860000e+03,-3.736950584e+01,-2.863320908e+00,-1.301632179e-03,-3.718556102e-04
6.675880000e+03,-3.250697669e+01,6.073627914e-02,2.365100712e-03,1.438243115e-04
6.675900000e+03,-3.818003129e+01,7.344244570e-01,9.152275575e-04,8.263746676e-04
6.675920000e+03,-3.404052153e+01,-1.496206401e+00,1.479964544e-04,-1.980453587e-03
6.675940000e+03,-4.269975210e+01,9.398995574e-01,4.322829110e-04,5.917718617e-04
6.675960000e+03,-3.386969785e+01,1.230015793e+00,6.769416511e-04,1.908946419e-03
6.675980000e+03,-3.867664497e+01,-1.760066922e+00,-2.191062750e-04,-1.143778464e-03
6.676000000e+03,-3.512364717e+01,2.262679544e+00,-1.118485802e-03,1.350001528e-03
6.676020000e+03,-3.938683990e+01,-2.550525059e+00,-8.910810893e-04,-5.980071522e-04
6.676040000e+03,-4.100963733e+01,-2.299563504e-01,8.668276431e-04,-2.029220283e-04
6.676060000e+03,-3.578606296e+01,2.252495886e+00,-1.023565730e-03,1.261362594e-03
6.676080000e+03,-3.626813292e+01,2.527069256e+00,-1.255570499e-03,8.860225571e-04
6.676100000e+03,-3.490219184e+01,-8.366219440e-01,1.204893480e-03,-1.335116300e-03
6.676120000e+03,-5.194718331e+01,-1.519458932e-01,2.498089678e-04,-3.825228474e-05
6.676140000e+03,-4.183123321e+01,4.812262309e-01,7.179295168e-04,3.748815600e-04
6.676160000e+03,-3.361175034e+01,-1.894351235e+00,-6.633707247e-04,-1.978207048e-03
6.676180000e+03,-3.613535547e+01,3.066813625e+00,-1.556025919e-03,1.165754806e-04
6.676200000e+03,-3.969533627e+01,1.316257136e-02,1.035608399e-03,1.363205673e-05
6.676220000e+03,-3.475312404e+01,-2.237506372e+00,-1.131399578e-03,-1.437769355e-03
6.676240000e+03,-3.308943250e+01,5.117409841e-01,1.931931412e-03,1.085062811e-03
6.676260000e+03,-3.610879300e+01,1.071312454e+00,7.496714246e-04,1.373949323e-03
6.676280000e+03,-4.075713389e+01,9.925288253e-01,5.009475196e-04,7.675061894e-04
6.676300000e+03,-3.712269501e+01,-1.180323577e+00,5.301066724e-04,-1.287893144e-03
6.676320000e+03,-3.124342544e+01,2.153636141e+00,-1.508359568e-03,2.288045970e-03
6.676340000e+03,-3.386776786e+01,4.286893963e-02,2.024008925e-03,8.682030749e-05
6.676360000e+03,-3.253657085e+01,1.959786192e+00,-8.955741663e-04,2.184995568e-03
6.676380000e+03,-3.558260685e+01,2.068966577e+00,-7.945716294e-04,1.460800196e-03
6.676400000e+03,-4.435909000e+01,3.003883200e+00,-5.996729529e-04,8.310664181e-05
6.676420000e+03,-3.641743980e+01,-6.051933695e-01,1.242244093e-03,-8.593697466e-04
6.676440000e+03,-3.997832667e+01,2.248460882e+00,-6.285417367e-04,7.809854204e-04
6.676460000e+03,-4.230047748e+01,9.574140315e-01,4.416969771e-04,6.274413913e-04
6.676480000e+03,-3.616412438e+01,7.321409383e-01,1.156692240e-03,1.039612434e-03
6.676500000e+03,-3.202116058e+01,1.741058593e+00,-4.245804933e-04,2.469541828e-03
6.676520000e+03,-3.476045174e+01,-2.026087584e+00,-8.038175872e-04,-1.641791729e-03
6.676540000e+03,-3.760191604e+01,-1.082197730e+00,6.186386282e-04,-1.163752789e-03
6.676560000e+03,-3.320134345e+01,1.634227959e+00,-1.386588012e-04,2.183024116e-03
6.676580000e+03,-3.384742751e+01,5.969762613e-01,1.679402146e-03,1.141501360e-03
6.676600000e+03,-5.199863086e+01,1.222534647e+00,8.573524467e-05,2.361463459e-04
6.676620000e+03,-4.175061703e+01,-1.068077611e+00,3.938625180e-04,-7.163248464e-04
6.676640000e+03,-3.287928061e+01,1.498442258e+00,1.641042883e-04,2.264113458e-03
6.676660000e+03,-3.456950344e+01,1.888507137e+00,-5.837485099e-04,1.775116912e-03
6.676680000e+03,-4.001873902e+01,-2.706983461e+00,-9.050799279e-04,-4.201485466e-04
6.676700000e+03,-3.287362687e+01,1.050043818e+00,1.130161690e-03,1.970428218e-03
6.676720000e+03,-3.778191055e+01,-2.678522121e+00,-1.154980591e-03,-5.766573952e-04
6.676740000e+03,-3.642306124e+01,8.947936713e-01,9.444936883e-04,1.177568237e-03
6.676760000e+03,-3.816109707e+01,-3.546687141e-01,1.158877648e-03,-4.291652658e-04
6.676780000e+03,-3.429465469e+01,-2.929861231e+00,-1.885640493e-03,-4.053244491e-04
6.676800000e+03,-3.446482913e+01,8.289165666e-01,1.277898340e-03,1.394259865e-03
6.676820000e+03,-3.199547363e+01,-2.262125178e+00,-1.602316838e-03,-1.936164685e-03
6.676840000e+03,-3.338593900e+01,-1.619044423e+00,-1.032796406e-04,-2.138933888e-03
6.676860000e+03,-3.636285844e+01,1.125913302e-01,1.510422716e-03,1.707827735e-04
6.676880000e+03,-3.276752864e+01,-2.668065065e+00,-2.046428462e-03,-1.048613870e-03
6.676900000e+03,-3.317612877e+01,7.875606470e-01,1.547880307e-03,1.554589357e-03
6.676920000e+03,-4.325991942e+01,8.592459947e-01,4.486658312e-04,5.203563896e-04
6.676940000e+03,-4.609336599e+01,1.385387788e+00,9.140507993e-05,4.873307455e-04
6.676960000e+03,-3.672274458e+01,-2.468529224e+00,-1.140309319e-03,-9.091145276e-04
6.676980000e+03,-3.770835159e+01,2.580351723e+00,-1.102194578e-03,6.929272244e-04
6.677000000e+03,-3.441547243e+01,-1.126114929e+00,8.182137727e-04,-1.717088975e-03
6.677020000e+03,-3.366465493e+01,1.805302830e+00,-4.818748663e-04,2.017040071e-03
6.677040000e+03,-3.893346068e+01,3.134726134e+00,-1.130620167e-03,7.763548003e-06
6.677060000e+03,-3.191309161e+01,1.658466629e+00,-2.221475074e-04,2.527401657e-03
6.677080000e+03,-3.501540070e+01,1.735861498e+00,-2.916832228e-04,1.751001009e-03
6.677100000e+03,-3.322478628e+01,-4.153691861e-01,1.996026531e-03,-8.803068741e-04
6.677120000e+03,-3.632588225e+01,-1.510571969e+00,9.187883975e-05,-1.523764404e-03
6.677140000e+03,-3.334486559e+01,1.262138987e+00,6.536051594e-04,2.049897607e-03
6.677160000e+03,-3.326987661e+01,-2.500906903e+00,-1.739844729e-03,-1.297246080e-03
6.677180000e+03,-4.054448833e+01,-2.138580061e+00,-5.050890974e-04,-7.918666137e-04
6.677200000e+03,-3.172972582e+01,-2.188603039e+00,-1.500993367e-03,-2.112281077e-03
6.677220000e+03,-3.113043933e+01,3.119264514e+00,-2.775682367e-03,6.198612342e-05
6.677240000e+03,-3.903305304e+01,2.738955760e-01,1.076091940e-03,3.023351774e-04
6.677260000e+03,-3.506962764e+01,-3.709424250e-01,1.644099398e-03,-6.394687777e-04
6.677280000e+03,-3.324453121e+01,1.185022414e+00,8.189931840e-04,2.016612159e-03
6.677300000e+03,-3.622862485e+01,-3.651261143e-01,1.441956781e-03,-5.512119082e-04
6.677320000e+03,-3.546628281e+01,-1.666828710e+00,-1.615979460e-04,-1.677568237e-03
6.677340000e+03,-3.319992906e+01,-1.772599703e-01,2.153498181e-03,-3.857780359e-04
6.677360000e+03,-3.128169840e+01,-2.127466030e+00,-1.441605282e-03,-2.316502124e-03
6.677380000e+03,-3.411173651e+01,-5.803118214e-01,1.647293456e-03,-1.079988997e-03
6.677400000e+03,-3.352501624e+01,-4.369925342e-01,1.909374331e-03,-8.918910658e-04
6.677420000e+03,-3.440290678e+01,8.028554373e-01,1.323195892e-03,1.370220375e-03
6.677440000e+03,-4.203553499e+01,1.351041971e+00,1.724485741e-04,7.720603967e-04
6.677460000e+03,-3.987345774e+01,2.730514653e+00,-9.301433506e-04,4.054619922e-04
6.677480000e+03,-3.081358225e+01,5.621030413e-01,2.436470337e-03,1.534691445e-03
6.677500000e+03,-3.283285829e+01,-4.652018629e-01,2.039688847e-03,-1.023810252e-03
6.677520000e+03,-3.672689248e+01,1.542075767e+00,4.185897240e-05,1.457055965e-03
6.677540000e+03,-3.292107427e+01,-1.938881295e+00,-8.129107192e-04,-2.107833848e-03
6.677560000e+03,-4.261888704e+01,3.206856060e-01,7.019897912e-04,2.331662438e-04
6.677580000e+03,-3.498068312e+01,2.917458519e+00,-1.737659321e-03,3.961243390e-04
6.677600000e+03,-2.904615346e+01,-1.473634894e+00,3.423755234e-04,-3.512684537e-03
6.677620000e+03,-3.698721290e+01,1.963018747e+00,-5.407280619e-04,1.307195036e-03
6.677640000e+03,-4.224634797e+01,2.098964808e+00,-3.891096372e-04,6.669009995e-04
6.677660000e+03,-3.671633588e+01,-2.294468043e+00,-9.663477703e-04,-1.093666901e-03
6.677680000e+03,-3.587757431e+01,2.809754795e+00,-1.519699239e-03,5.236574258e-04
6.677700000e+03,-3.193523002e+01,-2.533873639e+00,-2.077574350e-03,-1.445013296e-03
6.677720000e+03,-3.133282633e+01,2.057879507e+00,-1.269554054e-03,2.396980163e-03
6.677740000e+03,-3.509243522e+01,-2.191698094e+00,-1.023596296e-03,-1.431060305e-03
6.677760000e+03,-3.676448108e+01,-3.011583685e+00,-1.439114222e-03,-1.881590610e-04
6.677780000e+03,-3.404633602e+01,2.271548845e+00,-1.279686402e-03,1.516978941e-03
6.677800000e+03,-3.841074993e+01,4.123635483e-03,1.200767185e-03,4.951554238e-06
6.677820000e+03,-4.029431599e+01,-4.130560665e-02,9.658587279e-04,-3.991808540e-05
6.677840000e+03,-3.244302567e+01,1.267485214e+00,7.129473974e-04,2.278020601e-03
6.677860000e+03,-3.700089703e+01,4.444936424e-01,1.275147477e-03,6.073295229e-04
6.677880000e+03,-3.284680075e+01,-2.297479885e+00,-1.513861295e-03,-1.702952593e-03
6.677900000e+03,-3.317550817e+01,1.062358871e+00,1.068038023e-03,1.916419598e-03
6.677920000e+03,-3.986410876e+01,-1.891114797e+00,-3.198337256e-04,-9.641012318e-04
6.677940000e+03,-3.538068665e+01,-1.387569752e+00,3.101140080e-04,-1.673533637e-03
6.677960000e+03,-4.172423496e+01,2.709074228e+00,-7.444447841e-04,3.436898249e-04
6.677980000e+03,-3.157927377e+01,4.425633585e-01,2.382538130e-03,1.129122475e-03
