4.500000000e+03,1.300554387e-02,2.474596520e+00,-1.021824104e-02,8.045602606e-03
4.500500000e+03,2.646790510e-02,-1.418796503e-01,2.620195440e-02,-3.742671010e-03
4.501000000e+03,1.026014631e-02,-1.065552914e-01,1.020195440e-02,-1.091205212e-03
4.501500000e+03,1.796272464e-02,3.064083638e+00,-1.790879479e-02,1.390879479e-03
4.502000000e+03,1.874356712e-02,-1.497916400e+00,1.364820847e-03,-1.869381107e-02
4.502500000e+03,1.161519855e-03,6.900704465e-01,8.957654723e-04,7.394136808e-04
4.503000000e+03,1.477483641e-02,-7.237557194e-02,1.473615635e-02,-1.068403909e-03
4.503500000e+03,1.238317432e-02,-2.853537207e+00,-1.187296417e-02,-3.517915309e-03
4.504000000e+03,4.808493945e-03,2.381584337e+00,-3.485342020e-03,3.312703583e-03
4.504500000e+03,1.860723205e-02,-2.622880803e+00,-1.615960912e-02,-9.224755700e-03
4.505000000e+03,1.479641111e-02,-2.285463739e+00,-9.697068404e-03,-1.117589577e-02
4.505500000e+03,4.776557272e-03,5.794913659e-01,3.996742671e-03,2.615635179e-03
4.506000000e+03,1.005328565e-02,2.720703594e+00,-9.175895765e-03,4.107491857e-03
4.506500000e+03,1.071283014e-02,-1.295503801e+00,2.912052117e-03,-1.030944625e-02
4.507000000e+03,1.180435757e-02,-1.029572321e+00,6.081433225e-03,-1.011726384e-02
4.507500000e+03,4.164906241e-03,2.915204146e+00,-4.058631922e-03,9.348534202e-04
4.508000000e+03,1.083212696e-02,3.244131575e-01,1.026710098e-02,3.452768730e-03
4.508500000e+03,1.309681579e-02,-6.080771799e-01,1.074918567e-02,-7.482084691e-03
4.509000000e+03,2.463628859e-02,-1.800895231e+00,-5.618892508e-03,-2.398697068e-02
4.509500000e+03,1.441806187e-02,-1.463731725e+00,1.540716612e-03,-1.433550489e-02
4.510000000e+03,9.228372329e-03,-8.824338542e-03,9.228013029e-03,-8.143322476e-05
4.510500000e+03,5.609033507e-03,-2.244267544e+00,-3.498371336e-03,-4.384364821e-03
4.511000000e+03,1.232669439e-02,-2.471927810e+00,-9.664495114e-03,-7.651465798e-03
4.511500000e+03,9.815254916e-03,1.329520158e+00,2.345276873e-03,9.530944625e-03
4.512000000e+03,7.346986230e-03,-1.284945045e+00,2.071661238e-03,-7.048859935e-03
4.512500000e+03,1.478203674e-02,-6.991018176e-02,1.474592834e-02,-1.032573290e-03
4.513000000e+03,2.067291244e-02,2.079486455e+00,-1.006840391e-02,1.805537459e-02
4.513500000e+03,4.978116335e-03,-1.163069253e+00,1.973941368e-03,-4.570032573e-03
4.514000000e+03,1.858747917e-03,5.028432109e-01,1.628664495e-03,8.957654723e-04
4.514500000e+03,9.927930519e-03,-8.611024394e-01,6.469055375e-03,-7.530944625e-03
4.515000000e+03,7.342208131e-03,-1.765996721e-01,7.228013029e-03,-1.289902280e-03
4.515500000e+03,6.826809070e-03,-2.127827770e+00,-3.609120521e-03,-5.794788274e-03
4.516000000e+03,2.178673450e-03,2.961204251e+00,-2.143322476e-03,3.908794788e-04
4.516500000e+03,1.740805419e-02,5.285458606e-01,1.503257329e-02,8.778501629e-03
4.517000000e+03,1.885989800e-02,-4.393921490e-01,1.706840391e-02,-8.022801303e-03
4.517500000e+03,1.840830999e-02,-2.526938205e+00,-1.503908795e-02,-1.061563518e-02
4.518000000e+03,3.293895036e-02,-1.940504820e+00,-1.190228013e-02,-3.071335505e-02
4.518500000e+03,1.104089908e-02,2.164772184e+00,-6.179153094e-03,9.149837134e-03
4.519000000e+03,1.074896456e-02,-2.302169858e+00,-7.179153094e-03,-8.000000000e-03
4.519500000e+03,4.226980245e-03,-1.088701411e-01,4.201954397e-03,-4.592833876e-04
4.520000000e+03,1.121158490e-02,5.045870104e-01,9.814332248e-03,5.420195440e-03
4.520500000e+03,7.959175242e-03,-1.733993853e+00,-1.293159609e-03,-7.853420195e-03
4.521000000e+03,7.692634651e-03,-1.004521773e+00,4.127035831e-03,-6.491856678e-03
4.521500000e+03,1.105453672e-02,1.549873946e+00,2.312703583e-04,1.105211726e-02
4.522000000e+03,1.964361381e-02,2.506017885e+00,-1.580781759e-02,1.166123779e-02
4.522500000e+03,1.708698854e-02,-4.749865381e-01,1.519543974e-02,-7.814332248e-03
4.523000000e+03,2.370778852e-02,-2.093896135e+00,-1.184364821e-02,-2.053745928e-02
4.523500000e+03,2.188513441e-02,3.019840666e+00,-2.172312704e-02,2.657980456e-03
4.524000000e+03,5.621530797e-03,2.309468886e+00,-3.785016287e-03,4.156351792e-03
4.524500000e+03,1.558836164e-02,2.275728230e+00,-1.010097720e-02,1.187296417e-02
4.525000000e+03,1.501501510e-02,-1.750960283e+00,-2.690553746e-03,-1.477198697e-02
4.525500000e+03,1.093969662e-02,-1.787083300e-01,1.076547231e-02,-1.944625407e-03
4.526000000e+03,2.424112901e-02,-1.838981151e+00,-6.423452769e-03,-2.337459283e-02
4.526500000e+03,2.054622146e-02,-2.238777938e+00,-1.272638436e-02,-1.613029316e-02
4.527000000e+03,4.999605285e-03,1.484389312e-01,4.944625407e-03,7.394136808e-04
4.527500000e+03,9.682160436e-04,3.101210578e+00,-9.674267101e-04,3.908794788e-05
4.528000000e+03,1.611221841e-02,-1.271806900e+00,4.745928339e-03,-1.539739414e-02
4.528500000e+03,1.601105101e-02,-5.086990721e-01,1.398371336e-02,-7.798045603e-03
4.529000000e+03,3.860057173e-03,1.754952012e+00,-7.068403909e-04,3.794788274e-03
4.529500000e+03,7.995920667e-03,1.904914197e+00,-2.622149837e-03,7.553745928e-03
4.530000000e+03,8.766549550e-03,1.031969892e+00,4.498371336e-03,7.524429967e-03
4.530500000e+03,1.483456787e-02,2.384767017e+00,-1.078501629e-02,1.018566775e-02
4.531000000e+03,1.088597058e-02,-3.072417064e+00,-1.085993485e-02,-7.524429967e-04
4.531500000e+03,8.736325168e-03,1.784571875e+00,-1.853420195e-03,8.537459283e-03
4.532000000e+03,2.522942927e-02,-2.439184092e+00,-1.925732899e-02,-1.629967427e-02
4.532500000e+03,9.716383063e-03,1.846839589e+00,-2.648208469e-03,9.348534202e-03
4.533000000e+03,6.435533334e-03,-1.278660810e+00,1.853420195e-03,-6.162866450e-03
4.533500000e+03,1.523074824e-02,-1.432195997e+00,2.104234528e-03,-1.508469055e-02
4.534000000e+03,6.741396282e-03,6.991925897e-01,5.159609121e-03,4.338762215e-03
4.534500000e+03,8.982776145e-03,4.518090444e-01,8.081433225e-03,3.921824104e-03
4.535000000e+03,1.893724121e-02,-2.792968605e+00,-1.779804560e-02,-6.469055375e-03
4.535500000e+03,3.599912995e-03,7.239372075e-01,2.697068404e-03,2.384364821e-03
4.536000000e+03,1.165409541e-02,1.592039985e+00,-2.475570033e-04,1.165146580e-02
4.536500000e+03,9.265282648e-03,1.733228562e+00,-1.498371336e-03,9.143322476e-03
4.537000000e+03,3.357141753e-03,-1.129714331e+00,1.433224756e-03,-3.035830619e-03
4.537500000e+03,1.243621974e-02,-1.412192791e+00,1.964169381e-03,-1.228013029e-02
4.538000000e+03,2.856948163e-02,-2.993632917e+00,-2.825732899e-02,-4.211726384e-03
4.538500000e+03,1.806725409e-02,-4.964689904e-01,1.588599349e-02,-8.605863192e-03
4.539000000e+03,2.359598014e-02,-1.809246138e+00,-5.573289902e-03,-2.292833876e-02
4.539500000e+03,6.822085791e-03,-1.476116230e+00,6.449511401e-04,-6.791530945e-03
4.540000000e+03,1.420582232e-02,1.786630024e+00,-3.042345277e-03,1.387622150e-02
4.540500000e+03,1.573743469e-02,2.662301070e+00,-1.396416938e-02,7.257328990e-03
4.541000000e+03,7.473960356e-03,-6.097619544e-01,6.127035831e-03,-4.280130293e-03
4.541500000e+03,1.730358955e-02,-7.979108224e-01,1.208143322e-02,-1.238762215e-02
4.542000000e+03,1.441409742e-02,-1.663809055e+00,-1.338762215e-03,-1.435179153e-02
4.542500000e+03,1.109079720e-02,-1.234370995e+00,3.661237785e-03,-1.046905537e-02
4.543000000e+03,2.515885382e-02,2.370110457e+00,-1.803583062e-02,1.754071661e-02
4.543500000e+03,6.117965395e-03,-9.820553891e-01,3.397394137e-03,-5.087947883e-03
4.544000000e+03,1.085201433e-02,-2.646797453e+00,-9.550488599e-03,-5.153094463e-03
4.544500000e+03,2.392199487e-02,-1.207611132e+00,8.498371336e-03,-2.236156352e-02
4.545000000e+03,9.408862872e-03,1.740555102e+00,-1.589576547e-03,9.273615635e-03
4.545500000e+03,8.517967003e-03,-8.519663272e-01,5.609120521e-03,-6.410423453e-03
4.546000000e+03,1.182864971e-02,-1.614043875e+00,-5.114006515e-04,-1.181758958e-02
4.546500000e+03,1.678596697e-02,1.120072686e-01,1.668078176e-02,1.876221498e-03
4.547000000e+03,1.011225443e-02,1.828431553e+00,-2.576547231e-03,9.778501629e-03
4.547500000e+03,8.498177192e-03,2.770125820e+00,-7.918566775e-03,3.084690554e-03
4.548000000e+03,6.139211442e-03,2.485994077e+00,-4.866449511e-03,3.742671010e-03
4.548500000e+03,2.483498362e-02,-1.561352746e+00,2.345276873e-04,-2.483387622e-02
4.549000000e+03,3.816050929e-03,-9.816100117e-01,2.120521173e-03,-3.172638436e-03
4.549500000e+03,7.308300148e-03,7.239033314e-01,5.475570033e-03,4.840390879e-03
4.550000000e+03,1.093663670e-02,-2.431028086e+00,-8.289902280e-03,-7.133550489e-03
4.550500000e+03,6.673841838e-03,1.752876217e+00,-1.208469055e-03,6.563517915e-03
4.551000000e+03,1.592546219e-02,-1.556661450e-01,1.573289902e-02,-2.469055375e-03
4.551500000e+03,1.374069593e-02,3.033998330e+00,-1.366123779e-02,1.475570033e-03
4.552000000e+03,1.677427277e-02,2.737118011e-01,1.614983713e-02,4.534201954e-03
4.552500000e+03,2.219619837e-02,-8.881024913e-01,1.400325733e-02,-1.722149837e-02
4.553000000e+03,1.721212245e-02,-2.474092821e+00,-1.351791531e-02,-1.065472313e-02
4.553500000e+03,9.564707721e-03,-1.673142032e+00,-9.771986971e-04,-9.514657980e-03
4.554000000e+03,4.225047017e-03,-9.061694286e-01,2.605863192e-03,-3.325732899e-03
4.554500000e+03,1.642571569e-02,-4.516747887e-01,1.477850163e-02,-7.169381107e-03
4.555000000e+03,1.700456583e-02,1.319819049e-01,1.685667752e-02,2.237785016e-03
4.555500000e+03,7.160516758e-03,-1.554874106e+00,1.140065147e-04,-7.159609121e-03
4.556000000e+03,1.173319835e-02,-2.167807696e+00,-6.596091205e-03,-9.703583062e-03
4.556500000e+03,3.274566767e-03,2.945367597e+00,-3.211726384e-03,6.384364821e-04
4.557000000e+03,1.725720018e-02,2.156129059e+00,-9.534201954e-03,1.438436482e-02
4.557500000e+03,1.515301394e-02,-2.372611379e+00,-1.088925081e-02,-1.053745928e-02
4.558000000e+03,1.346649299e-02,-3.009137026e+00,-1.334853420e-02,-1.778501629e-03
4.558500000e+03,8.493948008e-03,-1.499406895e+00,6.058631922e-04,-8.472312704e-03
4.559000000e+03,1.316474567e-02,-1.612871530e+00,-5.537459283e-04,-1.315309446e-02
4.559500000e+03,2.071244324e-02,-6.334674747e-01,1.669381107e-02,-1.226058632e-02
4.560000000e+03,1.198280359e-02,-2.489990814e+00,-9.527687296e-03,-7.267100977e-03
4.560500000e+03,7.954790878e-03,-2.413556088e+00,-5.938110749e-03,-5.293159609e-03
4.561000000e+03,1.528707528e-02,8.205111191e-01,1.042345277e-02,1.118241042e-02
4.561500000e+03,1.871075354e-02,2.539299927e-01,1.811074919e-02,4.700325733e-03
4.562000000e+03,9.129337874e-03,1.081615561e+00,4.289902280e-03,8.058631922e-03
4.562500000e+03,1.274235959e-02,-2.643184401e+00,-1.119218241e-02,-6.091205212e-03
4.563000000e+03,3.686037296e-03,2.986323068e+00,-3.641693811e-03,5.700325733e-04
4.563500000e+03,1.756201273e-02,5.288526181e-02,1.753745928e-02,9.283387622e-04
4.564000000e+03,7.076598021e-03,6.448610922e-02,7.061889251e-03,4.560260586e-04
4.564500000e+03,9.473587882e-03,2.814296870e+00,-8.970684039e-03,3.045602606e-03
4.565000000e+03,1.931282005e-02,3.057330896e+00,-1.924429967e-02,1.625407166e-03
4.565500000e+03,3.531372800e-03,4.950034039e-01,3.107491857e-03,1.677524430e-03
4.566000000e+03,2.116220765e-02,-1.869034977e+00,-6.218241042e-03,-2.022801303e-02
4.566500000e+03,5.401718146e-03,7.068602984e-01,4.107491857e-03,3.508143322e-03
4.567000000e+03,3.406318988e-03,-8.951593275e-01,2.130293160e-03,-2.657980456e-03
4.567500000e+03,1.936931319e-02,-2.345848802e+00,-1.355374593e-02,-1.383713355e-02
4.568000000e+03,1.491976796e-02,-2.234864915e+00,-9.195439739e-03,-1.174918567e-02
4.568500000e+03,6.679967774e-03,8.392135549e-01,4.462540717e-03,4.970684039e-03
4.569000000e+03,1.235600077e-02,-6.119137918e-01,1.011400651e-02,-7.097719870e-03
4.569500000e+03,2.695590419e-02,1.520506038e+00,1.355048860e-03,2.692182410e-02
4.570000000e+03,2.392283623e-03,-3.764608872e-01,2.224755700e-03,-8.794788274e-04
4.570500000e+03,2.017674084e-02,1.407555026e-01,1.997719870e-02,2.830618893e-03
4.571000000e+03,1.423693992e-02,-1.053097513e+00,7.045602606e-03,-1.237133550e-02
4.571500000e+03,1.682737323e-02,-4.426964799e-01,1.520521173e-02,-7.208469055e-03
4.572000000e+03,4.873491062e-03,-2.199592613e+00,-2.866449511e-03,-3.941368078e-03
4.572500000e+03,1.507448007e-02,3.307704000e-01,1.425732899e-02,4.895765472e-03
4.573000000e+03,1.648170391e-02,2.805029757e+00,-1.555700326e-02,5.442996743e-03
4.573500000e+03,6.097640698e-03,3.038309495e+00,-6.065146580e-03,6.286644951e-04
4.574000000e+03,1.035390991e-02,-1.373524163e+00,2.029315961e-03,-1.015309446e-02
4.574500000e+03,7.775876772e-03,1.690890722e+00,-9.315960912e-04,7.719869707e-03
4.575000000e+03,1.505759578e-02,-4.501072198e-02,1.504234528e-02,-6.775244300e-04
4.575500000e+03,3.295040655e-03,-1.486669954e+00,2.768729642e-04,-3.283387622e-03
4.576000000e+03,1.505311396e-02,-1.687260351e+00,-1.749185668e-03,-1.495114007e-02
4.576500000e+03,1.254435626e-02,-2.066267741e+00,-5.964169381e-03,-1.103583062e-02
4.577000000e+03,9.160592522e-03,9.694795874e-01,5.182410423e-03,7.553745928e-03
4.577500000e+03,8.448107393e-03,5.205808335e-01,7.328990228e-03,4.201954397e-03
4.578000000e+03,2.834484528e-02,2.157428413e+00,-1.569055375e-02,2.360586319e-02
4.578500000e+03,1.503820463e-02,1.665594013e+00,-1.423452769e-03,1.497068404e-02
4.579000000e+03,7.550270083e-03,1.111779208e+00,3.345276873e-03,6.768729642e-03
4.579500000e+03,1.191326877e-02,2.265394571e+00,-7.625407166e-03,9.153094463e-03
4.580000000e+03,3.015230079e-02,-9.214832142e-01,1.823127036e-02,-2.401628664e-02
4.580500000e+03,1.527442283e-02,3.082273310e+00,-1.524755700e-02,9.055374593e-04
4.581000000e+03,9.776177712e-03,-1.055121703e+00,4.820846906e-03,-8.504885993e-03
4.581500000e+03,2.002566550e-02,2.974251232e+00,-1.974592834e-02,3.335504886e-03
4.582000000e+03,2.217258891e-02,3.038722679e+00,-2.205537459e-02,2.276872964e-03
4.582500000e+03,1.591697236e-02,-1.958409068e+00,-6.016286645e-03,-1.473615635e-02
4.583000000e+03,5.098936280e-03,-2.459369061e+00,-3.957654723e-03,-3.214983713e-03
4.583500000e+03,1.044340161e-02,-2.200074176e+00,-6.146579805e-03,-8.442996743e-03
4.584000000e+03,1.762426216e-02,-2.091340817e+00,-8.765472313e-03,-1.528990228e-02
4.584500000e+03,1.634619017e-02,-1.854981008e+00,-4.583061889e-03,-1.569055375e-02
4.585000000e+03,2.566005482e-02,-1.916714998e+00,-8.700325733e-03,-2.414006515e-02
4.585500000e+03,1.038536711e-02,-1.479398139e+00,9.478827362e-04,-1.034201954e-02
4.586000000e+03,6.380458155e-03,1.310671531e-01,6.325732899e-03,8.338762215e-04
4.586500000e+03,6.818084461e-03,-1.740736045e+00,-1.153094463e-03,-6.719869707e-03
4.587000000e+03,1.942941452e-02,-9.675419298e-01,1.102280130e-02,-1.600000000e-02
4.587500000e+03,1.085042689e-02,2.796771461e+00,-1.021172638e-02,3.667752443e-03
4.588000000e+03,1.015099219e-02,2.893578744e+00,-9.840390879e-03,2.491856678e-03
4.588500000e+03,1.506621178e-02,-2.486200213e+00,-1.194462541e-02,-9.182410423e-03
4.589000000e+03,7.701556089e-03,-7.381280135e-01,5.697068404e-03,-5.182410423e-03
4.589500000e+03,9.157271816e-03,4.370784330e-01,8.296416938e-03,3.876221498e-03
4.590000000e+03,7.924230573e-03,-1.935195997e+00,-2.824104235e-03,-7.403908795e-03
4.590500000e+03,2.402198508e-02,-7.636311980e-01,1.735179153e-02,-1.661237785e-02
4.591000000e+03,1.468544152e-02,-1.269247878e+00,4.361563518e-03,-1.402280130e-02
4.591500000e+03,3.807098624e-03,-1.815359966e+00,-9.218241042e-04,-3.693811075e-03
4.592000000e+03,1.646742051e-02,-2.343745840e+00,-1.149837134e-02,-1.178827362e-02
4.592500000e+03,2.099882678e-02,1.837334079e+00,-5.530944625e-03,2.025732899e-02
4.593000000e+03,8.941705078e-03,-1.366470821e+00,1.814332248e-03,-8.755700326e-03
4.593500000e+03,1.499176175e-02,-1.424044345e+00,2.192182410e-03,-1.483061889e-02
4.594000000e+03,1.013439018e-02,-8.065361830e-01,7.013029316e-03,-7.315960912e-03
4.594500000e+03,1.853338560e-02,-3.020376819e+00,-1.839739414e-02,-2.241042345e-03
4.595000000e+03,1.115426310e-02,-1.697288380e+00,-1.407166124e-03,-1.106514658e-02
4.595500000e+03,1.017496982e-03,-1.069916648e+00,4.885993485e-04,-8.925081433e-04
4.596000000e+03,1.384734536e-02,-2.838216640e+00,-1.321498371e-02,-4.136807818e-03
4.596500000e+03,2.265168454e-02,-8.762237568e-01,1.449837134e-02,-1.740390879e-02
4.597000000e+03,9.603053349e-03,-2.513220318e+00,-7.768729642e-03,-5.644951140e-03
4.597500000e+03,7.728044436e-03,2.706034958e+00,-7.006514658e-03,3.260586319e-03
4.598000000e+03,1.406804906e-02,-2.461499915e+00,-1.093811075e-02,-8.846905537e-03
4.598500000e+03,1.158256220e-02,-1.176502763e+00,4.449511401e-03,-1.069381107e-02
4.599000000e+03,1.119678922e-02,1.098431791e+00,5.094462541e-03,9.970684039e-03
4.599500000e+03,6.770176318e-03,1.951309855e-01,6.641693811e-03,1.312703583e-03
4.600000000e+03,2.177440985e-03,1.355210285e+00,4.657980456e-04,2.127035831e-03
4.600500000e+03,7.991010769e-03,2.910455305e+00,-7.778501629e-03,1.830618893e-03
4.601000000e+03,8.065476121e-03,2.791614004e+00,-7.576547231e-03,2.765472313e-03
4.601500000e+03,1.997637465e-02,-1.299977961e-01,1.980781759e-02,-2.589576547e-03
4.602000000e+03,1.196901759e-02,-1.392135563e+00,2.127035831e-03,-1.177850163e-02
4.602500000e+03,1.184738513e-02,2.602870624e+00,-1.016938111e-02,6.078175896e-03
4.603000000e+03,2.363580852e-02,-5.258126822e-01,2.044299674e-02,-1.186319218e-02
4.603500000e+03,5.073840690e-03,5.118998643e-01,4.423452769e-03,2.485342020e-03
4.604000000e+03,9.758995164e-03,-7.856341794e-01,6.899022801e-03,-6.902280130e-03
4.604500000e+03,4.113268843e-03,1.478327000e-01,4.068403909e-03,6.058631922e-04
4.605000000e+03,5.184149353e-03,-2.853626456e+00,-4.970684039e-03,-1.472312704e-03
4.605500000e+03,6.497394880e-03,2.872658467e+00,-6.263843648e-03,1.726384365e-03
4.606000000e+03,1.971847531e-02,3.094991722e+00,-1.969706840e-02,9.185667752e-04
4.606500000e+03,1.346402704e-02,-1.529899047e+00,5.504885993e-04,-1.345276873e-02
4.607000000e+03,1.039514274e-02,2.438268487e+00,-7.928338762e-03,6.723127036e-03
4.607500000e+03,1.006373023e-02,-1.004340177e+00,5.400651466e-03,-8.491856678e-03
4.608000000e+03,1.070314194e-02,-2.636149483e+00,-9.364820847e-03,-5.182410423e-03
4.608500000e+03,4.817228372e-03,-4.869343849e-01,4.257328990e-03,-2.254071661e-03
4.609000000e+03,1.797763869e-02,-1.604503642e+00,-6.058631922e-04,-1.796742671e-02
4.609500000e+03,2.780763730e-02,-1.835322398e+00,-7.270358306e-03,-2.684039088e-02
4.610000000e+03,1.122559552e-02,2.148497484e+00,-6.130293160e-03,9.403908795e-03
4.610500000e+03,1.798722227e-02,-1.617716180e+00,-8.436482085e-04,-1.796742671e-02
4.611000000e+03,1.838382577e-02,2.469950932e+00,-1.439087948e-02,1.143973941e-02
4.611500000e+03,6.450827359e-03,2.147594917e+00,-3.517915309e-03,5.407166124e-03
4.612000000e+03,1.192176759e-02,-2.145006702e+00,-6.475570033e-03,-1.000977199e-02
4.612500000e+03,2.065875240e-02,-2.003765733e+00,-8.667752443e-03,-1.875244300e-02
4.613000000e+03,1.193313618e-02,-5.474883400e-01,1.018892508e-02,-6.211726384e-03
4.613500000e+03,1.220382596e-02,-8.384573682e-01,8.159609121e-03,-9.074918567e-03
4.614000000e+03,1.122000056e-02,1.588506438e+00,-1.986970684e-04,1.121824104e-02
4.614500000e+03,1.938712851e-03,2.478311411e-01,1.879478827e-03,4.755700326e-04
4.615000000e+03,1.534964575e-02,-7.247390581e-01,1.149185668e-02,-1.017589577e-02
4.615500000e+03,1.799928262e-02,-2.294988981e+00,-1.192508143e-02,-1.348208469e-02
4.616000000e+03,2.135018716e-02,2.010151691e+00,-9.081433225e-03,1.932247557e-02
4.616500000e+03,9.262073366e-03,3.109583885e+00,-9.257328990e-03,2.964169381e-04
4.617000000e+03,8.226128179e-03,-2.658995843e+00,-7.286644951e-03,-3.817589577e-03
4.617500000e+03,1.716810804e-02,-3.566166498e-01,1.608794788e-02,-5.993485342e-03
4.618000000e+03,2.039655690e-02,1.289710732e+00,5.657980456e-03,1.959609121e-02
4.618500000e+03,1.526476292e-02,-2.595207991e+00,-1.304234528e-02,-7.931596091e-03
4.619000000e+03,1.514388299e-02,-2.003850078e+00,-6.355048860e-03,-1.374592834e-02
4.619500000e+03,2.655576170e-02,-1.333939343e+00,6.231270358e-03,-2.581433225e-02
4.620000000e+03,1.834289994e-02,-1.677904056e+00,-1.960912052e-03,-1.823778502e-02
4.620500000e+03,2.317233372e-02,1.214855481e+00,8.074918567e-03,2.171986971e-02
4.621000000e+03,8.467233580e-03,3.039856939e+00,-8.423452769e-03,8.599348534e-04
4.621500000e+03,4.830974704e-03,1.163868244e+00,1.912052117e-03,4.436482085e-03
4.622000000e+03,1.191478985e-02,2.857284580e+00,-1.143648208e-02,3.342019544e-03
4.622500000e+03,9.004290211e-03,-2.240057098e+00,-5.586319218e-03,-7.061889251e-03
4.623000000e+03,1.506881547e-02,-1.099124915e+00,6.846905537e-03,-1.342345277e-02
4.623500000e+03,3.385104615e-03,2.126233678e+00,-1.785016287e-03,2.876221498e-03
4.624000000e+03,1.776537586e-02,-1.342939278e+00,4.013029316e-03,-1.730618893e-02
4.624500000e+03,3.601452655e-03,-1.445656051e+00,4.495114007e-04,-3.573289902e-03
4.625000000e+03,2.924624356e-03,2.637090422e+00,-2.560260586e-03,1.413680782e-03
4.625500000e+03,1.720528110e-02,-1.573636153e+00,-4.885993485e-05,-1.720521173e-02
4.626000000e+03,7.558919503e-03,1.515178304e+00,4.201954397e-04,7.547231270e-03
4.626500000e+03,9.784528868e-03,-3.203819901e-01,9.286644951e-03,-3.081433225e-03
4.627000000e+03,5.572562619e-03,3.001431565e+00,-5.517915309e-03,7.785016287e-04
4.627500000e+03,5.894388595e-03,1.931701397e+00,-2.081433225e-03,5.514657980e-03
4.628000000e+03,2.465515089e-02,2.763215838e-01,2.371986971e-02,6.726384365e-03
4.628500000e+03,1.134613770e-02,-2.571824869e+00,-9.553745928e-03,-6.120521173e-03
4.629000000e+03,1.721451807e-02,2.879954220e+00,-1.662866450e-02,4.452768730e-03
4.629500000e+03,1.582254724e-02,7.061253842e-01,1.203908795e-02,1.026710098e-02
4.630000000e+03,1.236824975e-02,-2.466851711e+00,-9.657980456e-03,-7.726384365e-03
4.630500000e+03,1.120386942e-02,-1.012874998e+00,5.931596091e-03,-9.504885993e-03
4.631000000e+03,2.308524922e-02,-1.960420992e+00,-8.768729642e-03,-2.135504886e-02
4.631500000e+03,1.449671147e-02,-9.751284116e-01,8.133550489e-03,-1.200000000e-02
4.632000000e+03,1.280300939e-02,-1.991991379e+00,-5.234527687e-03,-1.168403909e-02
4.632500000e+03,6.112848031e-03,2.423314060e+00,-4.602605863e-03,4.022801303e-03
4.633000000e+03,7.320553957e-03,-2.130904933e+00,-3.889250814e-03,-6.201954397e-03
4.633500000e+03,1.027934019e-02,2.949976658e+00,-1.009120521e-02,1.957654723e-03
4.634000000e+03,1.463610673e-02,-2.001991680e+00,-6.117263844e-03,-1.329641694e-02
4.634500000e+03,8.541569414e-03,2.541426487e+00,-7.048859935e-03,4.824104235e-03
4.635000000e+03,2.018577498e-02,-1.674093795e+00,-2.081433225e-03,-2.007817590e-02
4.635500000e+03,8.938957092e-03,-1.465289966e+00,9.413680782e-04,-8.889250814e-03
4.636000000e+03,2.740312359e-02,1.343238276e-02,2.740065147e-02,3.680781759e-04
4.636500000e+03,1.223422415e-02,-2.896872288e+00,-1.186970684e-02,-2.964169381e-03
4.637000000e+03,1.238639170e-02,-8.106903879e-01,8.534201954e-03,-8.977198697e-03
4.637500000e+03,9.119986606e-03,-1.302946685e+00,2.413680782e-03,-8.794788274e-03
4.638000000e+03,7.349551325e-03,1.817494864e+00,-1.794788274e-03,7.127035831e-03
4.638500000e+03,1.480077855e-02,-8.026727095e-01,1.028338762e-02,-1.064495114e-02
4.639000000e+03,1.802829048e-02,-1.465446530e+00,1.895765472e-03,-1.792833876e-02
4.639500000e+03,1.032594714e-02,3.607643911e-01,9.661237785e-03,3.644951140e-03
4.640000000e+03,1.700930790e-02,-6.940026937e-01,1.307491857e-02,-1.087947883e-02
4.640500000e+03,1.675629048e-03,-1.325346188e+00,4.071661238e-04,-1.625407166e-03
4.641000000e+03,4.739967730e-03,-5.559769437e-01,4.026058632e-03,-2.501628664e-03
4.641500000e+03,1.603080158e-02,-1.584410604e+00,-2.182410423e-04,-1.602931596e-02
4.642000000e+03,1.543185178e-02,-2.570978074e+00,-1.298697068e-02,-8.335504886e-03
4.642500000e+03,4.553279906e-03,2.233470816e+00,-2.801302932e-03,3.589576547e-03
4.643000000e+03,3.061796277e-02,-2.249774039e+00,-1.922801303e-02,-2.382736156e-02
4.643500000e+03,3.750488656e-03,-9.271215164e-01,2.250814332e-03,-3.000000000e-03
4.644000000e+03,1.010660164e-02,-9.801120456e-01,5.628664495e-03,-8.394136808e-03
4.644500000e+03,7.533652005e-03,2.600135040e+00,-6.456026059e-03,3.882736156e-03
4.645000000e+03,7.527118546e-03,-7.860101584e-01,5.319218241e-03,-5.325732899e-03
4.645500000e+03,6.472342211e-03,-1.666058177e+00,-6.156351792e-04,-6.442996743e-03
4.646000000e+03,8.582775709e-03,-1.076083829e+00,4.074918567e-03,-7.553745928e-03
4.646500000e+03,1.331413013e-02,-1.975655989e+00,-5.244299674e-03,-1.223778502e-02
4.647000000e+03,1.024246008e-02,-2.085524498e+00,-5.042345277e-03,-8.915309446e-03
4.647500000e+03,8.766528369e-03,-1.288770865e+00,2.439739414e-03,-8.420195440e-03
4.648000000e+03,2.912237295e-02,-9.547465847e-01,1.682736156e-02,-2.376872964e-02
4.648500000e+03,1.221824495e-02,3.140792867e+00,-1.221824104e-02,9.771986971e-06
4.649000000e+03,4.602699225e-03,-2.491722204e+00,-3.664495114e-03,-2.785016287e-03
4.649500000e+03,1.999558700e-02,-1.952550564e-01,1.961563518e-02,-3.879478827e-03
4.650000000e+03,2.137639988e-02,-1.516827725e+00,1.153094463e-03,-2.134527687e-02
4.650500000e+03,8.859008502e-03,-1.207291862e+00,3.149837134e-03,-8.280130293e-03
4.651000000e+03,1.098903710e-02,3.636623881e-01,1.027035831e-02,3.908794788e-03
4.651500000e+03,1.858779312e-03,-2.036011333e+00,-8.338762215e-04,-1.661237785e-03
4.652000000e+03,2.369083165e-02,-9.767304181e-01,1.326058632e-02,-1.963192182e-02
4.652500000e+03,5.405929767e-03,2.421855728e+00,-4.065146580e-03,3.563517915e-03
4.653000000e+03,1.731458617e-02,-1.607489188e+00,-6.351791531e-04,-1.730293160e-02
4.653500000e+03,1.565337229e-02,-2.149447785e-01,1.529315961e-02,-3.338762215e-03
4.654000000e+03,7.597083564e-03,-2.120260363e+00,-3.967426710e-03,-6.478827362e-03
4.654500000e+03,2.767975467e-02,-1.774492433e+00,-5.599348534e-03,-2.710749186e-02
4.655000000e+03,9.792092780e-03,4.649864954e-01,8.752442997e-03,4.390879479e-03
4.655500000e+03,6.324099830e-03,-3.118927808e+00,-6.322475570e-03,-1.433224756e-04
4.656000000e+03,1.039955424e-02,-9.554259166e-01,6.003257329e-03,-8.491856678e-03
4.656500000e+03,4.666811291e-03,2.014465327e+00,-2.003257329e-03,4.214983713e-03
4.657000000e+03,1.362678657e-02,-2.737203064e+00,-1.252768730e-02,-5.361563518e-03
4.657500000e+03,2.090490405e-02,-7.485900985e-01,1.531596091e-02,-1.422801303e-02
4.658000000e+03,2.382177335e-02,-1.337171593e-01,2.360912052e-02,-3.175895765e-03
4.658500000e+03,9.668905280e-03,-2.650822835e+00,-8.527687296e-03,-4.557003257e-03
4.659000000e+03,1.036041658e-02,-2.733934908e+00,-9.511400651e-03,-4.107491857e-03
4.659500000e+03,1.382462805e-02,-2.767736802e+00,-1.286970684e-02,-5.048859935e-03
4.660000000e+03,7.711721397e-03,2.274566267e+00,-4.990228013e-03,5.879478827e-03
4.660500000e+03,1.617485543e-02,1.945519656e-01,1.586970684e-02,3.127035831e-03
4.661000000e+03,1.376731821e-02,2.921922861e+00,-1.343648208e-02,3.000000000e-03
4.661500000e+03,2.002470649e-03,-1.898719642e+00,-6.449511401e-04,-1.895765472e-03
4.662000000e+03,1.077021977e-02,-1.554161443e+00,1.791530945e-04,-1.076872964e-02
4.662500000e+03,1.563155563e-02,5.379893714e-01,1.342345277e-02,8.009771987e-03
4.663000000e+03,4.632984572e-03,-1.665148113e+00,-4.364820847e-04,-4.612377850e-03
4.663500000e+03,1.578291932e-02,2.602836692e+00,-1.354723127e-02,8.097719870e-03
4.664000000e+03,5.751716231e-03,-2.885076041e+00,-5.563517915e-03,-1.459283388e-03
4.664500000e+03,1.107204408e-02,-1.377785692e+00,2.123778502e-03,-1.086644951e-02
4.665000000e+03,3.639122731e-02,4.037936539e-02,3.636156352e-02,1.469055375e-03
4.665500000e+03,1.001563622e-02,-2.497636231e+00,-8.009771987e-03,-6.013029316e-03
4.666000000e+03,1.783708388e-02,-7.677066089e-01,1.283387622e-02,-1.238762215e-02
4.666500000e+03,7.568356770e-03,-2.047917615e+00,-3.475570033e-03,-6.723127036e-03
4.667000000e+03,1.481985034e-02,1.276434277e+00,4.299674267e-03,1.418241042e-02
4.667500000e+03,1.119011937e-02,2.759788980e+00,-1.038436482e-02,4.169381107e-03
4.668000000e+03,1.085418122e-02,2.940371558e+00,-1.063517915e-02,2.169381107e-03
4.668500000e+03,1.893600659e-02,2.365073955e+00,-1.350814332e-02,1.327035831e-02
4.669000000e+03,2.404067000e-02,1.086073385e-01,2.389902280e-02,2.605863192e-03
4.669500000e+03,1.141170846e-02,-1.874871342e-01,1.121172638e-02,-2.127035831e-03
4.670000000e+03,9.415126744e-03,2.313614952e+00,-6.368078176e-03,6.934853420e-03
4.670500000e+03,9.646042355e-03,-1.184395492e+00,3.635179153e-03,-8.934853420e-03
4.671000000e+03,1.229224858e-02,-1.961734883e+00,-4.684039088e-03,-1.136482085e-02
4.671500000e+03,2.004537315e-02,-2.295603386e+00,-1.328990228e-02,-1.500651466e-02
4.672000000e+03,9.720931228e-03,2.282439236e+00,-6.348534202e-03,7.361563518e-03
4.672500000e+03,2.093283238e-02,-7.378464622e-01,1.548859935e-02,-1.408143322e-02
4.673000000e+03,2.208527908e-02,-6.044066469e-01,1.817263844e-02,-1.255048860e-02
4.673500000e+03,4.330099146e-03,2.469855935e-01,4.198697068e-03,1.058631922e-03
4.674000000e+03,6.254584839e-03,-2.545501248e+00,-5.175895765e-03,-3.511400651e-03
4.674500000e+03,3.458449018e-03,-2.736948208e+00,-3.179153094e-03,-1.361563518e-03
4.675000000e+03,1.045156734e-02,-2.230691453e+00,-6.407166124e-03,-8.257328990e-03
4.675500000e+03,1.163664723e-02,1.487283158e+00,9.706840391e-04,1.159609121e-02
4.676000000e+03,1.155062134e-02,1.566002229e+00,5.537459283e-05,1.155048860e-02
4.676500000e+03,2.462387755e-03,-1.127855817e+00,1.055374593e-03,-2.224755700e-03
4.677000000e+03,2.407499988e-02,2.340890497e-02,2.406840391e-02,5.635179153e-04
4.677500000e+03,1.469685363e-02,2.405708005e-01,1.427361564e-02,3.501628664e-03
4.678000000e+03,1.801091134e-02,-1.050259424e+00,8.957654723e-03,-1.562540717e-02
4.678500000e+03,1.001369104e-02,2.623656948e+00,-8.700325733e-03,4.957654723e-03
4.679000000e+03,6.961211561e-03,-8.244511453e-01,4.726384365e-03,-5.110749186e-03
4.679500000e+03,8.422879001e-03,-3.169811152e-01,8.003257329e-03,-2.625407166e-03
4.680000000e+03,2.758560536e-02,-1.357970370e-02,2.758306189e-02,-3.745928339e-04
4.680500000e+03,2.299538272e-02,-2.593909476e+00,-1.963192182e-02,-1.197394137e-02
4.681000000e+03,1.099713680e-02,-1.644319632e+00,-8.078175896e-04,-1.096742671e-02
4.681500000e+03,1.260747492e-02,-2.658185684e+00,-1.116286645e-02,-5.859934853e-03
4.682000000e+03,5.547372808e-03,-2.170361933e+00,-3.130293160e-03,-4.579804560e-03
4.682500000e+03,6.037454670e-03,-2.829567095e+00,-5.745928339e-03,-1.853420195e-03
4.683000000e+03,9.370773919e-03,-1.546809273e+00,2.247557003e-04,-9.368078176e-03
4.683500000e+03,1.642028461e-02,1.261019540e-01,1.628990228e-02,2.065146580e-03
4.684000000e+03,1.604589124e-02,1.273506314e+00,4.700325733e-03,1.534201954e-02
4.684500000e+03,1.243285652e-02,-1.159781045e+00,4.967426710e-03,-1.139739414e-02
4.685000000e+03,4.113800186e-03,-1.729826882e+00,-6.514657980e-04,-4.061889251e-03
4.685500000e+03,1.237631141e-02,-2.915701246e+00,-1.206188925e-02,-2.771986971e-03
4.686000000e+03,9.620812188e-03,-1.550819303e+00,1.921824104e-04,-9.618892508e-03
4.686500000e+03,1.572002798e-02,-2.484456780e+00,-1.244625407e-02,-9.602605863e-03
4.687000000e+03,6.666607426e-03,-2.983111080e+00,-6.583061889e-03,-1.052117264e-03
4.687500000e+03,1.492241853e-02,1.000835968e+00,8.052117264e-03,1.256351792e-02
4.688000000e+03,6.644964712e-03,1.274315629e+00,1.941368078e-03,6.355048860e-03
4.688500000e+03,1.358837139e-02,-1.407302820e+00,2.211726384e-03,-1.340716612e-02
4.689000000e+03,2.748793911e-03,-6.297546412e-01,2.221498371e-03,-1.618892508e-03
4.689500000e+03,1.186035129e-02,-1.976192981e+00,-4.677524430e-03,-1.089902280e-02
4.690000000e+03,9.599071652e-03,-3.361303316e-01,9.061889251e-03,-3.166123779e-03
4.690500000e+03,1.194865575e-02,2.305475624e+00,-8.009771987e-03,8.866449511e-03
4.691000000e+03,3.662351889e-03,1.707049881e-01,3.609120521e-03,6.221498371e-04
4.691500000e+03,1.135062687e-02,-9.322311820e-01,6.765472313e-03,-9.114006515e-03
4.692000000e+03,5.592905017e-03,-6.274260723e-01,4.527687296e-03,-3.283387622e-03
4.692500000e+03,1.518805362e-02,-2.882413208e+00,-1.468078176e-02,-3.892508143e-03
4.693000000e+03,1.250085717e-02,2.379043443e+00,-9.039087948e-03,8.635179153e-03
4.693500000e+03,1.156224060e-02,4.509067953e-02,1.155048860e-02,5.211726384e-04
4.694000000e+03,1.526009406e-02,-5.279361656e-01,1.318241042e-02,-7.687296417e-03
4.694500000e+03,1.498227723e-02,2.456597402e+00,-1.160260586e-02,9.478827362e-03
4.695000000e+03,2.263262410e-03,-6.783372405e-01,1.762214984e-03,-1.420195440e-03
4.695500000e+03,1.547138999e-02,-2.246852495e+00,-9.680781759e-03,-1.206840391e-02
4.696000000e+03,1.556948911e-02,-5.111016530e-01,1.357980456e-02,-7.615635179e-03
4.696500000e+03,5.821197782e-03,-1.020204433e+00,3.045602606e-03,-4.960912052e-03
4.697000000e+03,2.441857237e-02,-1.309996301e+00,6.296416938e-03,-2.359283388e-02
4.697500000e+03,1.171848630e-02,2.959352405e+00,-1.152442997e-02,2.123778502e-03
4.698000000e+03,3.701370741e-03,-2.355572213e+00,-2.615635179e-03,-2.618892508e-03
4.698500000e+03,1.655641401e-02,3.102824924e+00,-1.654397394e-02,6.416938111e-04
4.699000000e+03,1.616781799e-02,-2.163827945e+00,-9.035830619e-03,-1.340716612e-02
4.699500000e+03,8.866902438e-03,-2.773706701e+00,-8.273615635e-03,-3.188925081e-03
4.700000000e+03,1.259986264e-02,-2.092283231e+00,-6.276872964e-03,-1.092508143e-02
4.700500000e+03,2.394458287e-02,1.808087402e+00,-5.628664495e-03,2.327361564e-02
4.701000000e+03,2.186878309e-02,-1.022049221e+00,1.140716612e-02,-1.865798046e-02
4.701500000e+03,1.234063495e-02,-2.410347101e+00,-9.185667752e-03,-8.241042345e-03
4.702000000e+03,9.573331464e-03,-2.007319948e-01,9.381107492e-03,-1.908794788e-03
4.702500000e+03,1.081939562e-02,-2.749904812e+00,-1.000000000e-02,-4.130293160e-03
4.703000000e+03,6.420434240e-03,-1.395889013e+00,1.117263844e-03,-6.322475570e-03
4.703500000e+03,1.573462538e-02,1.000478798e+00,8.495114007e-03,1.324429967e-02
4.704000000e+03,1.743197826e-02,-1.767898717e+00,-3.413680782e-03,-1.709446254e-02
4.704500000e+03,8.860803033e-03,-2.827282092e+00,-8.426710098e-03,-2.739413681e-03
4.705000000e+03,9.862443442e-03,-2.326296860e+00,-6.762214984e-03,-7.179153094e-03
4.705500000e+03,2.670400920e-02,1.685176261e-01,2.632573290e-02,4.478827362e-03
4.706000000e+03,8.435265215e-03,-1.517868235e+00,4.462540717e-04,-8.423452769e-03
4.706500000e+03,1.428148027e-02,-1.303744118e+00,3.768729642e-03,-1.377524430e-02
4.707000000e+03,1.903253176e-02,-2.320607680e+00,-1.297068404e-02,-1.392833876e-02
4.707500000e+03,8.325340379e-03,6.051487416e-01,6.846905537e-03,4.736156352e-03
4.708000000e+03,9.699715375e-03,-6.232163730e-01,7.876221498e-03,-5.661237785e-03
4.708500000e+03,1.131298495e-02,-2.510933502e+00,-9.136807818e-03,-6.671009772e-03
4.709000000e+03,1.108428900e-02,-2.304638055e+00,-7.423452769e-03,-8.231270358e-03
4.709500000e+03,2.155468023e-02,1.432382834e+00,2.973941368e-03,2.134853420e-02
4.710000000e+03,1.021363593e-02,-7.821503289e-02,1.018241042e-02,-7.980456026e-04
4.710500000e+03,2.306689478e-02,-3.019707309e+00,-2.289576547e-02,-2.804560261e-03
4.711000000e+03,4.478031318e-03,-1.112678915e+00,1.980456026e-03,-4.016286645e-03
4.711500000e+03,9.528716779e-03,1.585496123e+00,-1.400651466e-04,9.527687296e-03
4.712000000e+03,1.188613453e-02,1.479962764e+00,1.078175896e-03,1.183713355e-02
4.712500000e+03,1.714315166e-02,-2.593124316e+00,-1.462866450e-02,-8.938110749e-03
4.713000000e+03,8.709988086e-03,-2.452600340e+00,-6.723127036e-03,-5.537459283e-03
4.713500000e+03,7.886725375e-03,1.538988876e+00,2.508143322e-04,7.882736156e-03
4.714000000e+03,1.624051447e-02,3.305033437e-01,1.536156352e-02,5.270358306e-03
4.714500000e+03,1.006774842e-02,2.182131918e+00,-5.778501629e-03,8.244299674e-03
4.715000000e+03,4.219230702e-03,-6.308396483e-01,3.407166124e-03,-2.488599349e-03
4.715500000e+03,6.680981071e-03,-1.290719407e-01,6.625407166e-03,-8.599348534e-04
4.716000000e+03,9.083625932e-03,-6.362574572e-01,7.306188925e-03,-5.397394137e-03
4.716500000e+03,1.009603065e-02,-2.691652700e+00,-9.091205212e-03,-4.390879479e-03
4.717000000e+03,1.847008942e-03,1.297583833e+00,4.983713355e-04,1.778501629e-03
4.717500000e+03,2.772882496e-03,-4.405303406e-01,2.508143322e-03,-1.182410423e-03
4.718000000e+03,6.806001659e-03,3.008629976e+00,-6.745928339e-03,9.022801303e-04
4.718500000e+03,9.950587210e-03,-9.317471985e-01,5.934853420e-03,-7.986970684e-03
4.719000000e+03,1.431805190e-02,-9.316631946e-01,8.540716612e-03,-1.149185668e-02
4.719500000e+03,1.245607759e-02,1.567919766e+00,3.583061889e-05,1.245602606e-02
4.720000000e+03,5.378544594e-03,-2.797970375e-01,5.169381107e-03,-1.485342020e-03
4.720500000e+03,7.355152724e-03,-1.820501056e+00,-1.817589577e-03,-7.127035831e-03
4.721000000e+03,1.459667382e-02,5.239622860e-01,1.263843648e-02,7.302931596e-03
4.721500000e+03,1.266236779e-02,2.517694858e+00,-1.027687296e-02,7.397394137e-03
4.722000000e+03,2.422466131e-02,-8.980772535e-02,2.412703583e-02,-2.172638436e-03
4.722500000e+03,5.006176622e-03,-2.931180984e+00,-4.895765472e-03,-1.045602606e-03
4.723000000e+03,1.824296988e-02,-1.447756891e-01,1.805211726e-02,-2.631921824e-03
4.723500000e+03,1.312304803e-02,1.445117482e+00,1.644951140e-03,1.301954397e-02
4.724000000e+03,1.886943244e-02,-1.795719053e+00,-4.208469055e-03,-1.839413681e-02
4.724500000e+03,7.160629371e-03,-1.657790813e+00,-6.221498371e-04,-7.133550489e-03
4.725000000e+03,7.978465483e-03,-4.634650273e-01,7.136807818e-03,-3.566775244e-03
4.725500000e+03,1.359195024e-02,-2.438815028e+00,-1.037133550e-02,-8.785016287e-03
4.726000000e+03,1.603294786e-02,-2.854027799e+00,-1.537459283e-02,-4.547231270e-03
4.726500000e+03,1.017748312e-02,9.294900841e-02,1.013355049e-02,9.446254072e-04
4.727000000e+03,1.395518357e-02,2.273245150e+00,-9.016286645e-03,1.065146580e-02
4.727500000e+03,1.131532612e-02,-1.878163314e+00,-3.423452769e-03,-1.078501629e-02
4.728000000e+03,8.954337556e-03,-3.095013114e+00,-8.944625407e-03,-4.169381107e-04
4.728500000e+03,1.142324889e-02,-2.787194014e+00,-1.071335505e-02,-3.964169381e-03
4.729000000e+03,1.373382497e-02,2.792118594e-01,1.320195440e-02,3.785016287e-03
4.729500000e+03,1.181355943e-02,-2.415499864e+00,-8.833876221e-03,-7.843648208e-03
4.730000000e+03,3.586450870e-03,-1.509907174e+00,2.182410423e-04,-3.579804560e-03
4.730500000e+03,1.614505391e-02,-1.911879550e+00,-5.400651466e-03,-1.521498371e-02
4.731000000e+03,1.179876189e-02,-2.595385055e-02,1.179478827e-02,-3.061889251e-04
4.731500000e+03,1.998697175e-03,-6.431751636e-01,1.599348534e-03,-1.198697068e-03
4.732000000e+03,5.379815841e-03,-2.166330913e-01,5.254071661e-03,-1.156351792e-03
4.732500000e+03,1.821793703e-02,-2.200846613e-01,1.777850163e-02,-3.977198697e-03
4.733000000e+03,9.819775116e-03,-1.459443110e+00,1.091205212e-03,-9.758957655e-03
4.733500000e+03,1.491200694e-02,-1.612529842e+00,-6.221498371e-04,-1.489902280e-02
4.734000000e+03,1.185467732e-02,-2.512654956e+00,-9.586319218e-03,-6.973941368e-03
4.734500000e+03,1.546646829e-02,-2.104858909e+00,-7.872964169e-03,-1.331270358e-02
4.735000000e+03,2.573251247e-02,2.513029034e+00,-2.081433225e-02,1.513029316e-02
4.735500000e+03,1.683131517e-02,3.067403432e+00,-1.678501629e-02,1.247557003e-03
4.736000000e+03,9.604572987e-03,2.585294086e+00,-8.156351792e-03,5.071661238e-03
4.736500000e+03,1.167352727e-02,-2.507913754e+00,-9.407166124e-03,-6.912052117e-03
4.737000000e+03,3.223725710e-02,-9.245266534e-01,1.941368078e-02,-2.573615635e-02
4.737500000e+03,1.827764737e-02,-3.707436478e-01,1.703583062e-02,-6.622149837e-03
4.738000000e+03,8.683055480e-03,2.288530968e-02,8.680781759e-03,1.986970684e-04
4.738500000e+03,1.310154451e-02,-2.020656307e+00,-5.697068404e-03,-1.179804560e-02
4.739000000e+03,9.698285039e-03,2.737009577e+00,-8.915309446e-03,3.817589577e-03
4.739500000e+03,1.917908256e-02,1.222779854e+00,6.540716612e-03,1.802931596e-02
4.740000000e+03,4.073260924e-03,4.750920306e-01,3.622149837e-03,1.863192182e-03
4.740500000e+03,1.947386175e-02,-2.848197287e+00,-1.864169381e-02,-5.631921824e-03
4.741000000e+03,8.930848846e-03,-1.547086797e+00,2.117263844e-04,-8.928338762e-03
4.741500000e+03,1.077592420e-02,-2.330756318e+00,-7.423452769e-03,-7.811074919e-03
4.742000000e+03,1.362757452e-02,9.422109219e-01,8.013029316e-03,1.102280130e-02
4.742500000e+03,2.211315606e-02,-1.083958358e+00,1.034527687e-02,-1.954397394e-02
4.743000000e+03,1.302310968e-02,-8.188311090e-01,8.895765472e-03,-9.511400651e-03
4.743500000e+03,2.596202614e-02,1.013420545e+00,1.373289902e-02,2.203257329e-02
4.744000000e+03,5.427711057e-03,-1.590001648e+00,-1.042345277e-04,-5.426710098e-03
4.744500000e+03,2.737747715e-03,-2.228813313e+00,-1.674267101e-03,-2.166123779e-03
4.745000000e+03,8.802525852e-03,-7.657723140e-01,6.345276873e-03,-6.100977199e-03
4.745500000e+03,1.025308707e-02,-2.045952379e+00,-4.690553746e-03,-9.117263844e-03
4.746000000e+03,1.393749566e-02,-2.632882456e+00,-1.217263844e-02,-6.788273616e-03
4.746500000e+03,1.150115080e-02,-1.205594877e+00,4.107491857e-03,-1.074267101e-02
4.747000000e+03,4.102482693e-03,-1.667150513e-01,4.045602606e-03,-6.807817590e-04
4.747500000e+03,1.057274248e-02,-9.228587446e-01,6.381107492e-03,-8.429967427e-03
4.748000000e+03,1.173992749e-02,2.827651013e+00,-1.116612378e-02,3.625407166e-03
4.748500000e+03,1.147301095e-02,8.460637756e-01,7.605863192e-03,8.589576547e-03
4.749000000e+03,1.738678919e-02,-7.188476236e-01,1.308469055e-02,-1.144951140e-02
4.749500000e+03,1.079758623e-02,9.607870664e-01,6.185667752e-03,8.850162866e-03
4.750000000e+03,1.294346390e-02,-7.269976250e-01,9.671009772e-03,-8.602605863e-03
4.750500000e+03,1.190308285e-02,5.321125622e-01,1.025732899e-02,6.039087948e-03
4.751000000e+03,1.528977668e-02,1.591036477e+00,-3.094462541e-04,1.528664495e-02
4.751500000e+03,6.102287468e-03,-2.012002623e+00,-2.605863192e-03,-5.517915309e-03
4.752000000e+03,2.452249146e-02,-2.156883224e+00,-1.356351792e-02,-2.042996743e-02
4.752500000e+03,6.509799491e-03,3.879398027e-01,6.026058632e-03,2.462540717e-03
4.753000000e+03,5.476046694e-03,-6.099462754e-01,4.488599349e-03,-3.136807818e-03
4.753500000e+03,2.526444043e-02,9.780378142e-01,1.411400651e-02,2.095439739e-02
4.754000000e+03,1.152274548e-02,2.778620049e+00,-1.077198697e-02,4.091205212e-03
4.754500000e+03,2.604297433e-02,-1.705281917e+00,-3.491856678e-03,-2.580781759e-02
4.755000000e+03,5.613764360e-03,1.466162357e+00,5.863192182e-04,5.583061889e-03
4.755500000e+03,1.085291184e-02,-2.822574220e-01,1.042345277e-02,-3.022801303e-03
4.756000000e+03,1.009520879e-02,2.137946243e+00,-5.423452769e-03,8.514657980e-03
4.756500000e+03,2.212440962e-02,7.183036985e-01,1.665798046e-02,1.456026059e-02
4.757000000e+03,1.082613118e-02,-1.531070174e+00,4.299674267e-04,-1.081758958e-02
4.757500000e+03,1.626839662e-02,-1.332276393e+00,3.843648208e-03,-1.580781759e-02
4.758000000e+03,2.905765682e-03,1.808434176e+00,-6.840390879e-04,2.824104235e-03
4.758500000e+03,2.150269451e-02,-2.823156181e-01,2.065146580e-02,-5.990228013e-03
4.759000000e+03,1.220921862e-02,-1.022095158e+00,6.368078176e-03,-1.041693811e-02
4.759500000e+03,5.334118651e-03,2.298300780e+00,-3.547231270e-03,3.983713355e-03
4.760000000e+03,5.596444798e-03,-1.748671590e+00,-9.902280130e-04,-5.508143322e-03
4.760500000e+03,4.002269937e-03,-1.787346632e+00,-8.599348534e-04,-3.908794788e-03
4.761000000e+03,8.161721235e-03,-1.036947574e+00,4.153094463e-03,-7.026058632e-03
4.761500000e+03,1.619102222e-02,-3.125497464e+00,-1.618892508e-02,-2.605863192e-04
4.762000000e+03,1.351717474e-02,2.433802786e+00,-1.027035831e-02,8.788273616e-03
4.762500000e+03,1.515171115e-02,2.387970863e+00,-1.104885993e-02,1.036807818e-02
4.763000000e+03,5.659421411e-03,-7.552769830e-01,4.120521173e-03,-3.879478827e-03
4.763500000e+03,1.973424670e-02,1.109067960e+00,8.791530945e-03,1.766775244e-02
4.764000000e+03,7.760388587e-03,-5.867220455e-01,6.462540717e-03,-4.296416938e-03
4.764500000e+03,1.224946317e-02,1.470491282e-01,1.211726384e-02,1.794788274e-03
4.765000000e+03,2.175195912e-02,-2.107774472e+00,-1.112703583e-02,-1.869055375e-02
4.765500000e+03,1.307161903e-02,1.262678784e+00,3.964169381e-03,1.245602606e-02
4.766000000e+03,8.982367451e-03,-5.045272727e-01,7.863192182e-03,-4.342019544e-03
4.766500000e+03,4.264175838e-03,-2.557403591e+00,-3.557003257e-03,-2.351791531e-03
4.767000000e+03,7.311464387e-03,4.989200550e-01,6.420195440e-03,3.498371336e-03
4.767500000e+03,7.000145510e-03,3.110410957e+00,-6.996742671e-03,2.182410423e-04
4.768000000e+03,9.503394515e-03,-1.850696738e+00,-2.625407166e-03,-9.133550489e-03
4.768500000e+03,1.951293001e-02,-6.309808949e-01,1.575570033e-02,-1.151140065e-02
4.769000000e+03,2.686712917e-02,-4.802937585e-01,2.382736156e-02,-1.241368078e-02
4.769500000e+03,2.933964226e-02,2.484191214e+00,-2.322475570e-02,1.792833876e-02
4.770000000e+03,2.577961804e-02,-2.405443479e+00,-1.910423453e-02,-1.730944625e-02
4.770500000e+03,1.054870240e-02,2.431157762e+00,-7.996742671e-03,6.879478827e-03
4.771000000e+03,1.170425210e-02,2.402537573e-01,1.136807818e-02,2.785016287e-03
4.771500000e+03,1.006568471e-02,-1.263065936e+00,3.048859935e-03,-9.592833876e-03
4.772000000e+03,3.689466851e-03,2.516166813e-01,3.573289902e-03,9.185667752e-04
4.772500000e+03,1.755219819e-03,-2.597353948e+00,-1.501628664e-03,-9.087947883e-04
4.773000000e+03,1.287661867e-02,-3.466313915e-01,1.211074919e-02,-4.374592834e-03
4.773500000e+03,1.332587303e-02,-1.891078226e+00,-4.195439739e-03,-1.264820847e-02
4.774000000e+03,6.940249093e-03,-1.877852971e+00,-2.097719870e-03,-6.615635179e-03
4.774500000e+03,1.420179900e-02,9.601455221e-01,8.143322476e-03,1.163517915e-02
4.775000000e+03,1.332327873e-02,3.509015487e-01,1.251140065e-02,4.579804560e-03
4.775500000e+03,5.110296586e-03,-2.284469569e+00,-3.345276873e-03,-3.863192182e-03
4.776000000e+03,1.647041501e-02,-2.077529861e+00,-7.993485342e-03,-1.440065147e-02
4.776500000e+03,1.092413984e-02,-7.278061674e-01,8.156351792e-03,-7.267100977e-03
4.777000000e+03,3.296332881e-02,-1.017717130e+00,1.731596091e-02,-2.804885993e-02
4.777500000e+03,4.851082663e-03,2.704073071e+00,-4.394136808e-03,2.055374593e-03
4.778000000e+03,1.090720491e-02,1.764326379e+00,-2.097719870e-03,1.070358306e-02
4.778500000e+03,1.539637184e-02,-1.045325999e+00,7.723127036e-03,-1.331921824e-02
4.779000000e+03,1.306393325e-02,-9.742877043e-01,7.338762215e-03,-1.080781759e-02
4.779500000e+03,1.355432521e-02,-1.594589913e+00,-3.224755700e-04,-1.355048860e-02
4.780000000e+03,2.584777271e-02,-2.934063975e+00,-2.529315961e-02,-5.325732899e-03
4.780500000e+03,7.062335467e-03,-7.037736413e-01,5.384364821e-03,-4.570032573e-03
4.781000000e+03,6.282833734e-03,4.356349532e-02,6.276872964e-03,2.736156352e-04
4.781500000e+03,1.823280060e-02,-2.281592886e+00,-1.189576547e-02,-1.381758958e-02
4.782000000e+03,1.457832282e-02,-1.159332637e+00,5.830618893e-03,-1.336156352e-02
4.782500000e+03,3.190154644e-02,-1.014686345e+00,1.684039088e-02,-2.709446254e-02
4.783000000e+03,8.858845018e-03,-2.366074564e+00,-6.325732899e-03,-6.201954397e-03
4.783500000e+03,5.850685177e-03,-3.128230420e+00,-5.850162866e-03,-7.817589577e-05
4.784000000e+03,1.728206432e-02,2.986607550e+00,-1.707491857e-02,2.667752443e-03
4.784500000e+03,2.522613616e-03,-2.821067088e+00,-2.394136808e-03,-7.947882736e-04
4.785000000e+03,2.411947489e-02,8.491324565e-02,2.403257329e-02,2.045602606e-03
4.785500000e+03,5.624508358e-03,-1.994548061e+00,-2.312703583e-03,-5.127035831e-03
4.786000000e+03,8.146872191e-03,-5.630493813e-01,6.889250814e-03,-4.348534202e-03
4.786500000e+03,1.645842471e-02,-7.023150406e-01,1.256351792e-02,-1.063192182e-02
4.787000000e+03,1.034003931e-02,-1.003414762e+00,5.557003257e-03,-8.719869707e-03
4.787500000e+03,1.113322504e-02,2.588873539e-01,1.076221498e-02,2.850162866e-03
4.788000000e+03,5.883398046e-03,-1.494873692e+00,4.462540717e-04,-5.866449511e-03
4.788500000e+03,1.070040555e-02,-4.052115560e-01,9.833876221e-03,-4.218241042e-03
4.789000000e+03,1.070876667e-02,-2.844949879e+00,-1.024104235e-02,-3.130293160e-03
4.789500000e+03,1.642545214e-02,-2.216637494e+00,-9.885993485e-03,-1.311726384e-02
4.790000000e+03,1.742734329e-02,-6.988544641e-01,1.334201954e-02,-1.121172638e-02
4.790500000e+03,8.682492758e-03,2.541623920e+00,-7.166123779e-03,4.902280130e-03
4.791000000e+03,6.608774551e-03,1.742670452e+00,-1.130293160e-03,6.511400651e-03
4.791500000e+03,1.972242122e-02,-1.434948763e+00,2.671009772e-03,-1.954071661e-02
4.792000000e+03,1.492171176e-02,1.303261515e+00,3.944625407e-03,1.439087948e-02
4.792500000e+03,1.206375220e-02,-2.251567389e+00,-7.592833876e-03,-9.374592834e-03
4.793000000e+03,1.231146263e-02,2.774646766e+00,-1.149185668e-02,4.416938111e-03
4.793500000e+03,1.187049388e-02,8.660095501e-01,7.690553746e-03,9.042345277e-03
4.794000000e+03,9.653828529e-03,-8.106910978e-01,6.651465798e-03,-6.996742671e-03
4.794500000e+03,4.703457865e-03,-3.447475947e-01,4.426710098e-03,-1.589576547e-03
4.795000000e+03,2.363407345e-02,-7.540122175e-01,1.722801303e-02,-1.617915309e-02
4.795500000e+03,1.322105218e-02,1.722902442e+00,-2.003257329e-03,1.306840391e-02
4.796000000e+03,1.137408165e-02,-2.509890745e+00,-9.179153094e-03,-6.716612378e-03
4.796500000e+03,1.141142069e-02,-2.703861856e+00,-1.033550489e-02,-4.837133550e-03
4.797000000e+03,4.414089431e-03,2.614208739e+00,-3.814332248e-03,2.221498371e-03
4.797500000e+03,7.084286184e-03,-2.764416182e+00,-6.586319218e-03,-2.609120521e-03
4.798000000e+03,1.467614257e-02,-7.044856087e-01,1.118241042e-02,-9.504885993e-03
4.798500000e+03,1.724020568e-02,1.510110005e+00,1.045602606e-03,1.720846906e-02
4.799000000e+03,2.407482756e-02,-2.920529273e-01,2.305537459e-02,-6.931596091e-03
4.799500000e+03,4.593283181e-03,-2.809302010e+00,-4.342019544e-03,-1.498371336e-03
4.800000000e+03,1.187624205e-02,-1.518386251e+00,6.221498371e-04,-1.185993485e-02
4.800500000e+03,5.399084459e-03,-1.861444107e+00,-1.547231270e-03,-5.172638436e-03
4.801000000e+03,3.260983292e-03,-1.713117170e+00,-4.625407166e-04,-3.228013029e-03
4.801500000e+03,1.985474954e-03,7.923586078e-01,1.394136808e-03,1.413680782e-03
4.802000000e+03,7.195741283e-03,4.201087783e-01,6.570032573e-03,2.934853420e-03
4.802500000e+03,2.198800914e-02,7.138966543e-01,1.661889251e-02,1.439739414e-02
4.803000000e+03,8.660361239e-03,-2.672057812e+00,-7.723127036e-03,-3.918566775e-03
4.803500000e+03,5.862185943e-03,4.969520478e-01,5.153094463e-03,2.794788274e-03
4.804000000e+03,1.211077240e-02,-2.888290859e-01,1.160912052e-02,-3.449511401e-03
4.804500000e+03,1.123906805e-02,-2.009944755e+00,-4.778501629e-03,-1.017263844e-02
4.805000000e+03,1.378414689e-02,-4.863709698e-01,1.218566775e-02,-6.442996743e-03
4.805500000e+03,1.890002097e-02,-1.990805556e+00,-7.706840391e-03,-1.725732899e-02
4.806000000e+03,1.628557814e-02,3.783893100e-01,1.513355049e-02,6.016286645e-03
4.806500000e+03,2.487955474e-03,-4.583942588e-02,2.485342020e-03,-1.140065147e-04
4.807000000e+03,4.521778067e-03,1.869410100e-01,4.442996743e-03,8.403908795e-04
4.807500000e+03,6.888277397e-03,8.185075049e-01,4.706840391e-03,5.029315961e-03
4.808000000e+03,3.392954961e-03,-2.979600531e+00,-3.348534202e-03,-5.472312704e-04
4.808500000e+03,1.872050762e-02,1.466556911e+00,1.947882736e-03,1.861889251e-02
4.809000000e+03,3.935902205e-03,2.759088431e+00,-3.651465798e-03,1.469055375e-03
4.809500000e+03,1.341470153e-02,-2.189041694e+00,-7.775244300e-03,-1.093159609e-02
4.810000000e+03,2.039099525e-02,-1.064271902e+00,9.892508143e-03,-1.783061889e-02
4.810500000e+03,1.153208739e-02,2.631695803e+00,-1.006514658e-02,5.628664495e-03
4.811000000e+03,1.333971711e-02,-2.139360886e+00,-7.182410423e-03,-1.124104235e-02
4.811500000e+03,1.912426646e-03,1.918403187e+00,-6.514657980e-04,1.798045603e-03
4.812000000e+03,1.526568838e-02,-1.623738262e+00,-8.078175896e-04,-1.524429967e-02
4.812500000e+03,1.689208543e-02,-6.618211419e-01,1.332573290e-02,-1.038110749e-02
4.813000000e+03,1.114339912e-02,-4.373688422e-01,1.009446254e-02,-4.719869707e-03
4.813500000e+03,1.861691897e-02,-9.972088181e-02,1.852442997e-02,-1.853420195e-03
4.814000000e+03,6.659070393e-03,-2.471282546e+00,-5.218241042e-03,-4.136807818e-03
4.814500000e+03,6.130975915e-03,-2.243628874e+00,-3.820846906e-03,-4.794788274e-03
4.815000000e+03,7.467838571e-03,2.076200205e+00,-3.615635179e-03,6.534201954e-03
4.815500000e+03,9.202072006e-03,-1.903628931e+00,-3.006514658e-03,-8.697068404e-03
